idobj,nomnavcana,codeindic,typeinfras,typecarto,typeaerdr,signalrout,nbrpiste,indicpiste,longpiste2,surface,carburant,douaneaoe,latitude,longitude,proprietai,acces,province,nomcarto,nomexploit,source,datdebappt,version,remarque,objectid
2.000000000000000,Akulivik,CYKO,Aéroport,Autre aéroport,Aérodrome,2.000000000000000,1.000000000000000,"08, 26","3521",Gravier,NON,NON,60.817926906600000,-78.156148124200001,Provincial,non restreint,QC,Aéroport d'Akulivik,Administration Régionale Kativik,"NAV CANADA supplément de vol - Canada (CFS), numérisation à partir de photos aériennes géoréférencées.","20071201","20230322",x,"1"
3.000000000000000,Alma,CYTF,Aéroport,Autre aéroport,Aérodrome,2.000000000000000,1.000000000000000,"13, 31","5000",Asphalte,OUI,NON,48.508888898700000,-71.642500611399996,Municipal,non restreint,QC,Aéroport d'Alma,CIDAL (Corporation d’innovation et développement Alma – Lac-Saint-Jean-Est),"NAV CANADA supplément de vol - Canada (CFS), numérisation à partir de photos aériennes géoréférencées.","20071201","20230322",x,"2"
4.000000000000000,Alma (Riv. La Grande Décharge),CGD2,Hydroaérodrome,Hydroaérodrome,Hydroaérodrome,4.000000000000000,0.000000000000000,"0","0",n/a,NON,NON,48.563482472099999,-71.616048228699995,Autre,non restreint,QC,Hydroaérodrome Alma (Rivière La Grande Décharge),Air Maintenance / Martin Bouchard,NAV CANADA supplément hydroaérodromes - Canada (CWAS ) photos aériennes géoréférencées.,"20080420","20230322",x,"3"
6.000000000000000,Amos/Magny,CYEY,Aérodrome,Autre aéroport,Aérodrome,2.000000000000000,1.000000000000000,"14, 32","4992",Asphalte,OUI,NON,48.564736684000003,-78.248903748499998,Municipal,non restreint,QC,Aéroport Magny d'Amos,Ville d'Amos,"NAV CANADA supplément de vol - Canada (CFS), numérisation à partir de photos aériennes géoréférencées.","20071201","20230322",x,"4"
7.000000000000000,Aupaluk,CYLA,Aéroport,Autre aéroport,Aérodrome,2.000000000000000,1.000000000000000,"04, 22","3521",Gravier,NON,NON,59.302368039299999,-69.599406520000002,Provincial,non restreint,QC,Aéroport d' Aupaluk,Administration Régionale Kativik,"NAV CANADA supplément de vol - Canada (CFS), numérisation à partir de photos aériennes géoréférencées.","20071201","20230322",x,"5"
8.000000000000000,Bagotville,CYBG,Aéroport,Aéroport majeur,Aéroport majeur,1.000000000000000,2.000000000000000,"11, 29 / 18, 36",10000/6029,"Asphalte/Béton, Asphalte",OUI,OUI,48.332530590200001,-70.991785115200003,Fédéral,non restreint,QC,Aéroport de Bagotville,"Ministère de la Défense Nationale, (Aéroport Saguenay-Bagotville)","NAV CANADA supplément de vol - Canada (CFS), numérisation à partir de photos aériennes géoréférencées.","20071201","20230322",x,"6"
9.000000000000000,Baie Saint-Paul (héli.),CTD4,Héliport,Héliport,Héliport,3.000000000000000,0.000000000000000,"0","0",Gazon,NON,NON,47.443585589999998,-70.515974667699993,Autre,non restreint,QC,Héliport Baie-Saint-Paul,Compagnie Tremblay Ltée,"NAV CANADA supplément de vol - Canada (CFS), numérisation à partir de photos aériennes géoréférencées.","20071201","20230322",x,"7"
10.000000000000000,Baie-Comeau,CYBC,Aéroport,Aéroport majeur,Aéroport majeur,1.000000000000000,1.000000000000000,"10, 28","6000",Asphalte,OUI,OUI,49.132222362199997,-68.207777793100007,Municipal,non restreint,QC,Aéroport de Baie-Comeau,MRC Manicouagan,"NAV CANADA supplément de vol - Canada (CFS), numérisation à partir de photos aériennes géoréférencées.","20071201","20230322",x,"8"
11.000000000000000,Baie-Comeau/Héli-Manicougan (héli.),CSN9,Héliport,Non,Héliport,3.000000000000000,0.000000000000000,"0","0",Gazon,NON,NON,49.199045455799997,-68.285255761800002,Autre,restreint,QC,Héliport Baie-Comeau/Héli-Manicougan,Héli-Manicouagan Inc.,"NAV CANADA supplément de vol - Canada (CFS), numérisation à partir de photos aériennes géoréférencées.","20071201","20230322",x,"9"
12.000000000000000,Baie-Comeau (Manic-1),CSL9,Aérodrome,Non,Aérodrome,2.000000000000000,1.000000000000000,"05, 23","2900",Sable,NON,NON,49.184180513999998,-68.361644962300005,Municipal,restreint,QC,Aéroport de Baie-Comeau (Manic-1),Association des pilotes de Manicouagan,"NAV CANADA supplément de vol - Canada (CFS), numérisation à partir de photos aériennes géoréférencées.","20071201","20230322",x,"10"
14.000000000000000,Barrage Gouin (Riv. Saint-Maurice),CTP3,Hydroaérodrome,Hydroaérodrome,Hydroaérodrome,4.000000000000000,0.000000000000000,"0","0",n/a,OUI,NON,48.353045528700001,-74.101697123099996,Autre,non restreint,QC,Hydroaérodrome du Barrage Gouin,Pourvoirie du Barrage Gouin et Magnan Inc.,NAV CANADA supplément hydroaérodromes - Canada (CWAS ) photos aériennes géoréférencées.,"20071201","20230322",x,"11"
15.000000000000000,Bécancour (héli.),CSV3,Héliport,Non,Héliport,3.000000000000000,0.000000000000000,"0","0",Asphalte,NON,NON,46.364344999200000,-72.395501125500004,Provincial,restreint,QC,Héliport de Bécancour,Société du Parc Industriel et Portuaire de Bécancour,"NAV CANADA supplément de vol - Canada (CFS), numérisation à partir de photos aériennes géoréférencées.","20071201","20230322",x,"12"
16.000000000000000,Bonaventure,CYVB,Aéroport,Autre aéroport,Aérodrome,2.000000000000000,1.000000000000000,"13, 31","5983",Asphalte,OUI,NON,48.071666927800003,-65.461389596499998,Provincial,non restreint,QC,Aéroport de Bonaventure,"Ministère des Transports du Québec, Ville de Bonaventure","NAV CANADA supplément de vol - Canada (CFS), numérisation à partir de photos aériennes géoréférencées.","20071201","20230322",x,"13"
17.000000000000000,Bromont (Roland Désourdy),CZBM,Aéroport,Autre aéroport,Aérodrome,2.000000000000000,2.000000000000000,"05, 23","5004",Asphalte,OUI,OUI,45.290832751300002,-72.741943727399999,Municipal,non restreint,QC,Aéroport Bromont,Régie Aéroportuaire Régionale des Cantons-de-l'Est,"NAV CANADA supplément de vol - Canada (CFS), numérisation à partir de photos aériennes géoréférencées.","20071201","20230322",x,"14"
19.000000000000000,Carignan/Rivière l'Acadie,CJF2,Hydroaérodrome,Non,Hydroaérodrome,4.000000000000000,0.000000000000000,"0","0",n/a,NON,NON,45.473615559599999,-73.294492771099996,Autre,restreint,QC,Hydroaérodrome Carignan/Rivière l'Acadie,René Bouthillier,NAV CANADA supplément hydroaérodromes - Canada (CWAS ) photos aériennes géoréférencées.,"20160331","20230322",x,"15"
20.000000000000000,Cascades,CTY3,Hydroaérodrome,Hydroaérodrome,Hydroaérodrome,4.000000000000000,0.000000000000000,"0","0",n/a,OUI,NON,45.585871628299998,-75.868392879100000,Autre,non restreint,QC,Hydroaérodrome Cascades,Roland Lebel,NAV CANADA supplément hydroaérodromes - Canada (CWAS ) photos aériennes géoréférencées.,"20080420","20230322",x,"16"
21.000000000000000,Causapscal,CTF3,Aérodrome,Autre aéroport,Aérodrome,2.000000000000000,1.000000000000000,"03, 21","3000",Gravier,NON,NON,48.311467921700000,-67.250424755699996,Autre,restreint,QC,Aéroport de Causapscal,Ferme Gendron,"NAV CANADA supplément de vol - Canada (CFS), numérisation à partir de photos aériennes géoréférencées.","20071201","20230322",x,"17"
22.000000000000000,Charlevoix,CYML,Aérodrome,Autre aéroport,Aérodrome,2.000000000000000,1.000000000000000,"15, 33","4501",Asphalte,OUI,OUI,47.598071032599996,-70.224960239500007,Municipal,non restreint,QC,Aéroport de Charlevoix,MRC de Charlevoix,"NAV CANADA supplément de vol - Canada (CFS), numérisation à partir de photos aériennes géoréférencées.","20080420","20230322",x,"18"
23.000000000000000,Chevery,CYHR,Aéroport,Autre aéroport,Aérodrome,2.000000000000000,1.000000000000000,"07, 25","4500",Asphalte,OUI,NON,50.468303136199999,-59.638035999200000,Fédéral,non restreint,QC,Aéroport de Chevery,Municipalité de la Côte Nord du Golfe St-Laurent,"NAV CANADA supplément de vol - Canada (CFS), numérisation à partir de photos aériennes géoréférencées.","20071201","20230322",x,"19"
25.000000000000000,Chibougamau/Chapais,CYMT,Aéroport,Autre aéroport,Aérodrome,2.000000000000000,1.000000000000000,"04, 22","6495",Asphalte,OUI,NON,49.771666825499999,-74.527778534000007,Provincial,non restreint,QC,Aéroport de Chibougamau-Chapais,Ministère des Transports du Québec,"NAV CANADA supplément de vol - Canada (CFS), numérisation à partir de photos aériennes géoréférencées.","20071201","20230322",x,"20"
26.000000000000000,Chibougamau/Hydro-Québec (héli.),CSE2,Héliport,Non,Héliport,3.000000000000000,0.000000000000000,"0","0",Inconnu,NON,NON,49.887777893500001,-74.399569369399998,Provincial,restreint,QC,Héliport Chibougamau (Hydro-Québec),Hydro-Québec,"NAV CANADA supplément de vol - Canada (CFS), numérisation à partir de photos aériennes géoréférencées.","20071201","20230322",x,"21"
27.000000000000000,Chicoutimi/Centre Hospitalier de Chicoutimi (héli.),CCS7,Héliport,Non,Héliport,3.000000000000000,0.000000000000000,"0","0",Asphalte,NON,NON,48.425740305300003,-71.047616085900003,Provincial,restreint,QC,Héliport Chicoutimi (C. H. de Chicoutimi),Hôpital de Chicoutimi,"NAV CANADA supplément de vol - Canada (CFS), numérisation à partir de photos aériennes géoréférencées.","20071201","20230322",x,"22"
28.000000000000000,Chicoutimi/Saint-Honoré,CYRC,Aéroport,Autre aéroport,Aérodrome,2.000000000000000,3.000000000000000,"12, 30 / 06, 24 / 18, 36",6085/3735/3597,"Asphalte, Asphalte, Asphalte",OUI,NON,48.521389327700000,-71.052221769599996,Provincial,non restreint,QC,Aéroport de Saint-Honoré,Ministère des Transports du Québec,"NAV CANADA supplément de vol - Canada (CFS), numérisation à partir de photos aériennes géoréférencées.","20071201","20230322",x,"23"
29.000000000000000,Chisasibi,CSU2,Aéroport,Autre aéroport,Aérodrome,2.000000000000000,1.000000000000000,"14, 32","3789",Gravier,NON,NON,53.805554653700000,-78.916944494000006,Autre,non restreint,QC,Aéroport de Chisasibi,Nation Cri de Chisasibi,"NAV CANADA supplément de vol - Canada (CFS), numérisation à partir de photos aériennes géoréférencées.","20071201","20230322",x,"24"
30.000000000000000,Chute-Saint-Philippe,CCP3,Aérodrome,Non,Aérodrome,2.000000000000000,1.000000000000000,"15, 33","3300",Gravier/Gazon/Neige,OUI,NON,46.661307607700003,-75.244238945199996,Autre,restreint,QC,Aérodrome de Chute-Saint-Philippe,Yves Sigouin,"NAV CANADA supplément de vol - Canada (CFS), numérisation à partir de photos aériennes géoréférencées.","20071201","20230322",x,"25"
32.000000000000000,Clova (Lac Duchamp),CST6,Hydroaérodrome,Non,Hydroaérodrome,4.000000000000000,0.000000000000000,"0","0",n/a,OUI,NON,48.110108931799999,-75.363879448999995,Autre,restreint,QC,Hydroaérodrome Clova/Lac Duchamp,Pourvoirie Tamarac Inc.,NAV CANADA supplément hydroaérodromes - Canada (CWAS ) photos aériennes géoréférencées.,"20071201","20230322",x,"26"
33.000000000000000,DolbeauMistassini/Potvin Héli-Base (héli.),CPH4,Héliport,Héliport,Héliport,3.000000000000000,0.000000000000000,"0","0",Asphalte,NON,NON,48.930798547000002,-72.205098625999995,Autre,restreint,QC,Héliport Dolbeau-Mistassini/Potvin Héli-Base,R. Potvin,"NAV CANADA supplément de vol - Canada (CFS), numérisation à partir de photos aériennes géoréférencées.","20071201","20230322",x,"27"
34.000000000000000,DolbeauSaint-Félicien,CYDO,Aérodrome,Autre aéroport,Aérodrome,2.000000000000000,1.000000000000000,"11, 29 / 3,21",5001/3563,"Asphalte,Gravel (FERMÉE 1 NOV/ 30 AVRIL)",OUI,NON,48.778333645700002,-72.375000764399999,Municipal,non restreint,QC,Aéroport DolbeauSaint-Félicien,Régie de l'aéropot DM-N-F,"NAV CANADA supplément de vol - Canada (CFS), numérisation à partir de photos aériennes géoréférencées.","20071201","20230322",x,"28"
35.000000000000000,Drummondville,CSC3,Aérodrome,Autre aéroport,Aérodrome,2.000000000000000,1.000000000000000,"06, 24","6003",Asphalte,OUI,OUI,45.845278404699997,-72.395278430000005,Municipal,non restreint,QC,Aéroport de Drummondville,SDED Aéroport Drummondville,"NAV CANADA supplément de vol - Canada (CFS), numérisation à partir de photos aériennes géoréférencées.","20071201","20230322",x,"29"
36.000000000000000,Drummondville (Riv. St-François),CSA7,Hydroaérodrome,Non,Hydroaérodrome,4.000000000000000,0.000000000000000,"0","0",n/a,OUI,OUI,45.854482158700002,-72.389225720400006,Municipal,non restreint,QC,Hydroaérodrome de Drummondville,SDED - Aéroport de Drummondville,NAV CANADA supplément hydroaérodromes - Canada (CWAS ) photos aériennes géoréférencées.,"20080420","20230322",x,"30"
37.000000000000000,Du Rocher-Percé (Pabok),CTG3,Aérodrome,Autre aéroport,Aérodrome,2.000000000000000,1.000000000000000,"08, 26","4982",Asphalte,OUI,NON,48.383081380699998,-64.564444763300003,Municipal,non restreint,QC,Aéroport du Rocher-Percé (Pabok),MRC du Rocher-Percé,"NAV CANADA supplément de vol - Canada (CFS), numérisation à partir de photos aériennes géoréférencées.","20071201","20230322",x,"31"
38.000000000000000,Eastmain River,CZEM,Aéroport,Autre aéroport,Aérodrome,2.000000000000000,1.000000000000000,"02, 20","3512",Gravier,NON,NON,52.225832724299998,-78.522778776699994,Fédéral,non restreint,QC,Aéroport de la rivière Eastmain,"Transports Canada, Nation Cri d'Eastman","NAV CANADA supplément de vol - Canada (CFS), numérisation à partir de photos aériennes géoréférencées.","20071201","20230322",x,"32"
39.000000000000000,Éléonore,CEL8,Aérodrome,Non,Aérodrome,2.000000000000000,1.000000000000000,"09, 27","3930",Gravier,OUI,NON,52.718611435600003,-76.080277353000000,Autre,restreint,QC,Aérodrome Éléonore,Goldcorp - Mine Elenore,"NAV CANADA supplément de vol - Canada (CFS), numérisation à partir de photos aériennes géoréférencées.","20160204","20230322",x,"33"
40.000000000000000,Farnham,CSN7,Aérodrome,Non,Aérodrome,2.000000000000000,1.000000000000000,"11, 29","2500",Gravier,NON,NON,45.285776545700003,-73.007798320999996,Autre,restreint,QC,Aéroport de Farnham,Parachutisme Nouvel Air Inc.,"NAV CANADA supplément de vol - Canada (CFS), numérisation à partir de photos aériennes géoréférencées.","20071201","20230322",x,"34"
41.000000000000000,Fermont (héli.),CSD5,Héliport,Non,Héliport,3.000000000000000,0.000000000000000,"0","0",Inconnu,OUI,NON,52.806393315599998,-67.102155998200004,Autre,restreint,QC,Héliport Fermont,Heli Fermont Enr.,"NAV CANADA supplément de vol - Canada (CFS), numérisation à partir de photos aériennes géoréférencées.","20071201","20230322",x,"35"
42.000000000000000,Fontanges,CTU2,Aérodrome,Non,Aérodrome,2.000000000000000,1.000000000000000,"09, 27","4890",Gravier,NON,NON,54.553610767400002,-71.173332980500007,Provincial,restreint,QC,Aéroport de Fontanges,Hydro-Québec,"NAV CANADA supplément de vol - Canada (CFS), numérisation à partir de photos aériennes géoréférencées.","20071201","20230322",x,"36"
43.000000000000000,Forestville,CYFE,Aérodrome,Autre aéroport,Aérodrome,2.000000000000000,1.000000000000000,"09, 27","5000",Asphalte (FERMÉE 15 NOV/ 15 mai),OUI,NON,48.746135160900003,-69.097172704499997,Municipal,non restreint,QC,Aéroport de Forestville,Ville de Forestville,"NAV CANADA supplément de vol - Canada (CFS), numérisation à partir de photos aériennes géoréférencées.","20071201","20230322",x,"37"
44.000000000000000,Gaspé (Michel-Pouliot),CYGP,Aéroport,Aéroport majeur,Aéroport majeur,1.000000000000000,1.000000000000000,"10, 28","5488",Asphalte,OUI,OUI,48.775603683500002,-64.475711765699998,Municipal,non restreint,QC,Aéroport Michel-Pouliot de Gaspé,Ville de Gaspé,"NAV CANADA supplément de vol - Canada (CFS), numérisation à partir de photos aériennes géoréférencées.","20071201","20230322",x,"38"
45.000000000000000,Granby/Artopex Plus (héli.),CTR4,Héliport,Non,Héliport,3.000000000000000,0.000000000000000,"0","0",Asphalte,NON,NON,45.390655853699997,-72.766027121500002,Autre,restreint,QC,Héliport Granby/Artopex Plus,Groupe Pro Plus Inc.,"NAV CANADA supplément de vol - Canada (CFS), numérisation à partir de photos aériennes géoréférencées.","20071201","20230322",x,"39"
46.000000000000000,Les Bergeronnes,CTH3,Aérodrome,Autre aéroport,Aérodrome,2.000000000000000,1.000000000000000,"10, 28","1500",Asphalte,NON,NON,48.232235400800000,-69.543037389500000,Municipal,non restreint,QC,Aéroport de Grandes-Bergeronnes,Municipalité Les Bergeronnes,"NAV CANADA supplément de vol - Canada (CFS), numérisation à partir de photos aériennes géoréférencées.","20071201","20230322",x,"40"
47.000000000000000,Harrington Harbour (héli.),CTH5,Héliport,Héliport,Héliport,3.000000000000000,0.000000000000000,"0","0",Bois,NON,NON,50.497373340700001,-59.481447194399998,Provincial,non restreint,QC,Héliport Harrington Harbour,Ministère des Transports du Québec,"NAV CANADA supplément de vol - Canada (CFS), numérisation à partir de photos aériennes géoréférencées.","20071201","20230322",x,"41"
48.000000000000000,Havre St-Pierre (Lac des Plaines),CTE3,Hydroaérodrome,Non,Hydroaérodrome,4.000000000000000,0.000000000000000,"0","0",n/a,OUI,NON,50.263929395799998,-63.549049430899998,Autre,restreint,QC,Hydroaérodrome de Havre Saint-Pierre,Air Tunilik,NAV CANADA supplément hydroaérodromes - Canada (CWAS ) photos aériennes géoréférencées.,"20071201","20230322",x,"42"
49.000000000000000,Havre-St-Pierre,CYGV,Aéroport,Autre aéroport,Aérodrome,2.000000000000000,1.000000000000000,"08, 26","4498",Asphalte,OUI,NON,50.281944831499999,-63.611388561299997,Fédéral,non restreint,QC,Aéroport de Havre-Saint-Pierre,"Transports Canada, Aéropro (APM) locataire","NAV CANADA supplément de vol - Canada (CFS), numérisation à partir de photos aériennes géoréférencées.","20071201","20230322",x,"43"
50.000000000000000,Île-aux-Coudres,CTA3,Aérodrome,Autre aéroport,Aérodrome,2.000000000000000,1.000000000000000,"17, 35","2500",Gazon/Gravier,NON,NON,47.389354372200003,-70.384634663499995,Autre,non restreint,QC,Aéroport de l'Île aux Coudres,Service d'aviation Wyman,"NAV CANADA supplément de vol - Canada (CFS), numérisation à partir de photos aériennes géoréférencées.","20071201","20230322",x,"44"
51.000000000000000,Îles-de-la-Madeleine,CYGR,Aéroport,Aéroport majeur,Aéroport majeur,1.000000000000000,2.000000000000000,"07, 25 / 16, 34",4493/3608,"Asphalte, Asphalte",OUI,OUI,47.427036775399998,-61.774907702199997,Fédéral,non restreint,QC,Aéroport des Îles-de-la-Madeleine,"Transports Canada, Aéropro (APM)","NAV CANADA supplément de vol - Canada (CFS), numérisation à partir de photos aériennes géoréférencées.","20071201","20230322",x,"45"
52.000000000000000,Inukjuak,CYPH,Aéroport,Autre aéroport,Aérodrome,2.000000000000000,1.000000000000000,"07, 25","3520",Gravier,OUI,NON,58.471666640199999,-78.077500310600001,Provincial,non restreint,QC,Aéroport d'Inukjuak,Administration Régionale Kativik,"NAV CANADA supplément de vol - Canada (CFS), numérisation à partir de photos aériennes géoréférencées.","20071201","20230322",x,"46"
53.000000000000000,Isle-aux-Grues,CSH2,Aéroport,Autre aéroport,Aérodrome,2.000000000000000,1.000000000000000,"06, 24","1649",Asphalte,NON,NON,47.072353073599999,-70.533343449100002,Provincial,non restreint,QC,Aéroport Îsle-aux-Grues,Ministère des Transports du Québec,"NAV CANADA supplément de vol - Canada (CFS), numérisation à partir de photos aériennes géoréférencées.","20071201","20230322",x,"47"
54.000000000000000,Ivujivik,CYIK,Aéroport,Autre aéroport,Aérodrome,2.000000000000000,1.000000000000000,"07, 25","3521",Gravier,OUI,NON,62.416471385199998,-77.927123907400002,Provincial,non restreint,QC,Aéroport d'Ivujivik,Administration Régionale Kativik,"NAV CANADA supplément de vol - Canada (CFS), numérisation à partir de photos aériennes géoréférencées.","20071201","20230322",x,"48"
55.000000000000000,Joliette,CSG3,Aérodrome,Autre aéroport,Aérodrome,2.000000000000000,1.000000000000000,"15, 33","3109",Asphalte,OUI,NON,46.044736649800001,-73.501729705900004,Municipal,non restreint,QC,Aéroport de Joliette,Aéroclub de Joliette Inc.,"NAV CANADA supplément de vol - Canada (CFS), numérisation à partir de photos aériennes géoréférencées.","20071201","20230322",x,"49"
56.000000000000000,Kanawata Aéroparc,CSJ2,Aérodrome,Non,Aérodrome,2.000000000000000,1.000000000000000,"04, 22","3000",Sable/Gravier,NON,NON,47.592816470599999,-74.134878254499995,Autre,restreint,QC,Aéroparc Kanawata,Pourvoirie Kanawata Inc.,"NAV CANADA supplément de vol - Canada (CFS), numérisation à partir de photos aériennes géoréférencées.","20071201","20230322",x,"50"
57.000000000000000,Kangiqsualujjuaq (Georges River),CYLU,Aéroport,Autre aéroport,Aérodrome,2.000000000000000,1.000000000000000,"16, 34","3521",Gravier,OUI,NON,58.708001574299999,-65.988321441799997,Provincial,non restreint,QC,Aéroport de Kangiqsualujjuaq  (Georges River),Administration Régionale Kativik,"NAV CANADA supplément de vol - Canada (CFS), numérisation à partir de photos aériennes géoréférencées.","20071201","20230322",x,"51"
58.000000000000000,Kangiqsujuaq (Wakeham Bay),CYKG,Aéroport,Autre aéroport,Aérodrome,2.000000000000000,1.000000000000000,"15, 33","3520",Gravier,OUI,NON,61.589812638900000,-71.933826323100007,Provincial,non restreint,QC,Aéroport de Kangiqsujuaq (Wakeham Bay),Administration Régionale Kativik,"NAV CANADA supplément de vol - Canada (CFS), numérisation à partir de photos aériennes géoréférencées.","20071201","20230322",x,"52"
59.000000000000000,Kangirsuk,CYAS,Aéroport,Autre aéroport,Aérodrome,2.000000000000000,1.000000000000000,"03, 21","3521",Gravier,OUI,NON,60.026926228199997,-69.999237589600000,Provincial,non restreint,QC,Aéroport de Kangirsuk,Administration Régionale Kativik,"NAV CANADA supplément de vol - Canada (CFS), numérisation à partir de photos aériennes géoréférencées.","20071201","20230322",x,"53"
60.000000000000000,Kattiniq/Donaldson,CTP9,Aérodrome,Non,Aérodrome,2.000000000000000,1.000000000000000,"11, 29","6500",Gravier,NON,NON,61.664711340600000,-73.303905026799995,Autre,restreint,QC,Aéroport Kattiniq-Donaldson,Glencore Canada Corporation - Mine Raglan,"NAV CANADA supplément de vol - Canada (CFS), numérisation à partir de photos aériennes géoréférencées.","20071201","20230322",x,"54"
62.000000000000000,Kuujjuaq,CYVP,Aéroport,Aéroport majeur,Aérodrome,2.000000000000000,2.000000000000000,"07, 25 / 13, 31","6000","Asphalte, Gravier",OUI,NON,58.099360339400000,-68.419800704099998,Fédéral,non restreint,QC,Aéroport de Kuujjuaq,Administration Régionale Kativik,"NAV CANADA supplément de vol - Canada (CFS), numérisation à partir de photos aériennes géoréférencées.","20071201","20230322",x,"55"
63.000000000000000,Kuujjuarapik,CYGW,Aéroport,Aéroport majeur,Aérodrome,2.000000000000000,1.000000000000000,"03, 21","5082",Gravier,OUI,NON,55.281944059899999,-77.765277633200000,Provincial,non restreint,QC,Aéroport de Kuujjuarapik,Administration Régionale Kativik,"NAV CANADA supplément de vol - Canada (CFS), numérisation à partir de photos aériennes géoréférencées.","20071201","20230322",x,"56"
64.000000000000000,La Grande 4/Lac de la falaise,CLB6,Hydroaérodrome,Non,Hydroaérodrome,4.000000000000000,0.000000000000000,"0","0",n/a,NON,NON,53.706091518500003,-73.719527228100006,Autre,restreint,QC,Hydroaérodrome La Grande 4/Lac de la falaise,Air Mont-Laurier,NAV CANADA supplément hydroaérodromes - Canada (CWAS ) photos aériennes géoréférencées.,"20160331","20230322",x,"57"
65.000000000000000,La Grande-3,CYAD,Aérodrome,Non,Aérodrome,2.000000000000000,1.000000000000000,"10, 28","5009",Gravier,NON,NON,53.571667212100003,-76.196667117700002,Provincial,restreint,QC,Aéroport La Grande-3,Hydro-Québec,"NAV CANADA supplément de vol - Canada (CFS), numérisation à partir de photos aériennes géoréférencées.","20071201","20230322",x,"58"
66.000000000000000,La Grande-4,CYAH,Aérodrome,Non,Aérodrome,2.000000000000000,1.000000000000000,"09, 27","5009",Gravier,NON,NON,53.753941631600000,-73.678836240300001,Provincial,restreint,QC,Aéroport La Grande-4,Hydro-Québec,"NAV CANADA supplément de vol - Canada (CFS), numérisation à partir de photos aériennes géoréférencées.","20071201","20230322",x,"59"
67.000000000000000,La Grande-Rivière,CYGL,Aéroport,Aéroport majeur,Aéroport majeur,1.000000000000000,1.000000000000000,"13, 31","6487",Asphalte,OUI,NON,53.625277638900002,-77.704444580699999,Provincial,non restreint,QC,Aéroport de Radisson Grande-Rivière,"Société de développement de la Baie-James, MEDEVAC","NAV CANADA supplément de vol - Canada (CFS), numérisation à partir de photos aériennes géoréférencées.","20071201","20230322",x,"60"
68.000000000000000,La Macaza/Mont-Tremblant Intl Inc,CYFJ,Aéroport,Aéroport majeur,Aéroport majeur,1.000000000000000,1.000000000000000,"02, 20","5902",Asphalte,OUI,OUI,46.409154333099998,-74.779986923199999,Autre,restreint,QC,Aéroport International de Mont-Tremblant,Mont-Tremblant Intl Inc.,"NAV CANADA supplément de vol - Canada (CFS), numérisation à partir de photos aériennes géoréférencées.","20071201","20230322",x,"61"
69.000000000000000,La Romaine,CTT5,Aéroport,Autre aéroport,Aérodrome,2.000000000000000,1.000000000000000,"11, 29","3933",Asphalte,NON,NON,50.258289919500001,-60.668972971499997,Provincial,non restreint,QC,Aéroport de La Romaine,Ministère des Transports du Québec,"NAV CANADA supplément de vol - Canada (CFS), numérisation à partir de photos aériennes géoréférencées.","20071201","20230322",x,"62"
70.000000000000000,La Sarre,CSR8,Aérodrome,Autre aéroport,Aérodrome,2.000000000000000,1.000000000000000,"18, 36","4702",Asphalte (FERMÉE 1 NOV/ 30 AVRIL),NON,NON,48.915420852099999,-79.178273266299996,Municipal,non restreint,QC,Aéroport de La Sarre,Ville de La Sarre,"NAV CANADA supplément de vol - Canada (CFS), numérisation à partir de photos aériennes géoréférencées.","20071201","20230322",x,"63"
71.000000000000000,La Tabatière,CTU5,Aéroport,Autre aéroport,Aérodrome,2.000000000000000,1.000000000000000,"05, 23","1649",Gravier,NON,NON,50.830856481700003,-58.975582941299997,Provincial,non restreint,QC,Aéroport de La Tabatière,Ministère des Transports du Québec,"NAV CANADA supplément de vol - Canada (CFS), numérisation à partir de photos aériennes géoréférencées.","20071201","20230322",x,"64"
72.000000000000000,La Tuque,CYLQ,Aérodrome,Autre aéroport,Aérodrome,2.000000000000000,1.000000000000000,"01, 19","5000",Asphalte,OUI,NON,47.409812744699998,-72.788896132600001,Municipal,non restreint,QC,Aéroport de La Tuque,Air Aviation Inc.,"NAV CANADA supplément de vol - Canada (CFS), numérisation à partir de photos aériennes géoréférencées.","20071201","20230322",x,"65"
73.000000000000000,La Tuque,CTH6,Hydroaérodrome,Hydroaérodrome,Hydroaérodrome,4.000000000000000,0.000000000000000,"0","0",n/a,NON,NON,47.461153564500002,-72.781428325899995,Autre,restreint,QC,Hydroaérodrome de La Tuque,Aviation La Tuque,NAV CANADA supplément hydroaérodromes - Canada (CWAS ) photos aériennes géoréférencées.,"20071201","20230322",x,"66"
74.000000000000000,Lac Agile (Mascouche),CSA2,Aérodrome,Autre aéroport,Aérodrome,2.000000000000000,1.000000000000000,"03, 21","1800",Gazon,NON,NON,45.790793963900001,-73.638471083300004,Autre,restreint,QC,Aéroport Lac Agile (Mascouche),Gestion Wilburdea Inc.,"NAV CANADA supplément de vol - Canada (CFS), numérisation à partir de photos aériennes géoréférencées.","20071201","20230322",x,"67"
76.000000000000000,Lac Berthelot,CTS3,Hydroaérodrome,Hydroaérodrome,Hydroaérodrome,4.000000000000000,0.000000000000000,"0","0",n/a,OUI,NON,48.521938609199999,-76.158625353199994,Autre,non restreint,QC,Hydroaérodrome Lac Berthelot,Berthelot Lake Lodge (Gary Koch),NAV CANADA supplément hydroaérodromes - Canada (CWAS ) photos aériennes géoréférencées.,"20071201","20230322",x,"68"
77.000000000000000,Lac des Écorces,CTV2,Hydroaérodrome,Non,Hydroaérodrome,4.000000000000000,0.000000000000000,"0","0",n/a,NON,NON,46.548589204199999,-75.418040762299995,Autre,restreint,QC,Hydroaérodrome Lac des Écorces,N. Arbour,NAV CANADA supplément hydroaérodromes - Canada (CWAS ) photos aériennes géoréférencées.,"20071201","20230322",x,"69"
78.000000000000000,Lac Pau (Caniapiscau),CTP4,Hydroaérodrome,Hydroaérodrome,Hydroaérodrome,4.000000000000000,0.000000000000000,"0","0",n/a,OUI,NON,54.845242507999998,-69.883630444000005,Autre,non restreint,QC,Hydroaérodrome du Lac Pau (Caniapiscau),Air Tunilik,NAV CANADA supplément hydroaérodromes - Canada (CWAS ) photos aériennes géoréférencées.,"20071201","20230322",x,"70"
79.000000000000000,Lac Polaris (Pourvoirie Mirage inc.),CLP3,Hydroaérodrome,Non,Hydroaérodrome,4.000000000000000,0.000000000000000,"0","0",n/a,OUI,NON,53.800555040900001,-72.866666152400001,Autre,restreint,QC,Hydroaérodrome Lac Polaris,Pourvoirie Mirage inc,NAV CANADA supplément hydroaérodromes - Canada (CWAS ) photos aériennes géoréférencées.,"20160331","20230322",x,"71"
80.000000000000000,Lac Sébastien,CTD3,Hydroaérodrome,Non,Hydroaérodrome,4.000000000000000,0.000000000000000,"0","0",n/a,OUI,NON,48.652033562000000,-71.145440777199994,Autre,non restreint,QC,Hydroaérodrome Lac Sébastien,"Aviation La Tuque, Martial tremblay",NAV CANADA supplément hydroaérodromes - Canada (CWAS ) photos aériennes géoréférencées.,"20071201","20230322",x,"72"
81.000000000000000,Lac Trévet,CTX2,Hydroaérodrome,Hydroaérodrome,Hydroaérodrome,4.000000000000000,0.000000000000000,"0","0",n/a,NON,NON,48.158814481000000,-76.137066518300003,Autre,non restreint,QC,Hydroaérodrome du Lac Trévet,Pourvoirie du Balbuzard Sauvage 2012 Inc.,NAV CANADA supplément hydroaérodromes - Canada (CWAS ) photos aériennes géoréférencées.,"20071201","20230322",x,"73"
82.000000000000000,Lac-à-Beauce,CSS7,Hydroaérodrome,Hydroaérodrome,Hydroaérodrome,4.000000000000000,0.000000000000000,"0","0",n/a,NON,NON,47.321410850100001,-72.764530511199993,Autre,non restreint,QC,Hydroaérodrome Lac-à-Beauce,Aviation La Tuque,NAV CANADA supplément hydroaérodromes - Canada (CWAS ) photos aériennes géoréférencées.,"20071201","20230322",x,"74"
83.000000000000000,Lac-à-la-Tortue,CSL3,Aérodrome,Autre aéroport,Aérodrome,2.000000000000000,2.000000000000000,"03, 21 / 16, 34",3000/2000,"Asphalte, Asphalte",OUI,NON,46.621901228699997,-72.632842839899993,Autre,non restreint,QC,Aéroport de Lac-à-la-Tortue,Bel Air Laurentian Aviation Inc.,"NAV CANADA supplément de vol - Canada (CFS), numérisation à partir de photos aériennes géoréférencées.","20071201","20230322",x,"75"
84.000000000000000,Lac-à-la-Tortue,CSU7,Hydroaérodrome,Hydroaérodrome,Hydroaérodrome,4.000000000000000,0.000000000000000,"0","0",n/a,OUI,OUI,46.616449714200002,-72.625098178100004,Autre,non restreint,QC,Hydroaérodrome Lac-à-la-Tortue,Bel Air Laurentian Aviation Inc.,NAV CANADA supplément hydroaérodromes - Canada (CWAS ) photos aériennes géoréférencées.,"20071201","20230322",x,"76"
85.000000000000000,Lac-Etchemin,CSC5,Aérodrome,Autre aéroport,Aérodrome,2.000000000000000,1.000000000000000,"06, 24","2400",Gazon/Gravier,NON,NON,46.408581699599999,-70.499839118099999,Municipal,non restreint,QC,Aéroport de Lac-Etchemin,Ville de Lac-Etchemin,"NAV CANADA supplément de vol - Canada (CFS), numérisation à partir de photos aériennes géoréférencées.","20071201","20230322",x,"77"
86.000000000000000,Lachute,CSE4,Aérodrome,Autre aéroport,Aérodrome,2.000000000000000,1.000000000000000,"10, 28","3989",Asphalte,OUI,OUI,45.639489072400004,-74.371828047299999,Municipal,non restreint,QC,Aéroport de Lachute,Lachute Aviation,"NAV CANADA supplément de vol - Canada (CFS), numérisation à partir de photos aériennes géoréférencées.","20071201","20230322",x,"78"
87.000000000000000,Lebel-sur-Quévillon,CSH4,Aérodrome,Autre aéroport,Aérodrome,2.000000000000000,1.000000000000000,"15, 33","4212",Asphalte,OUI,NON,49.029999751100000,-77.017222521400001,Municipal,non restreint,QC,Aéroport de Lebel-sur-Quévillon,Ville de Lebel-sur-Quévillon,"NAV CANADA supplément de vol - Canada (CFS), numérisation à partir de photos aériennes géoréférencées.","20071201","20230322",x,"79"
88.000000000000000,Louiseville,CSJ4,Aérodrome,Autre aéroport,Aérodrome,2.000000000000000,1.000000000000000,"09, 27","3000",Asphalte,NON,NON,46.244422331499997,-72.916406613800007,Autre,non restreint,QC,Aéroport de Louiseville,Jardins Ricard Inc.,"NAV CANADA supplément de vol - Canada (CFS), numérisation à partir de photos aériennes géoréférencées.","20071201","20230322",x,"80"
89.000000000000000,Lourdes-de-Blanc-Sablon,CYBX,Aéroport,Autre aéroport,Aérodrome,2.000000000000000,1.000000000000000,"05, 23","4500",Asphalte,OUI,NON,51.443610681199999,-57.186110293799999,Fédéral,non restreint,QC,Aéroport de Lourdes-de-Blanc-Sablon,Transports Canada,"NAV CANADA supplément de vol - Canada (CFS), numérisation à partir de photos aériennes géoréférencées.","20071201","20230322",x,"81"
90.000000000000000,Lourdes-de-Joliette,CSE3,Aérodrome,Non,Aérodrome,2.000000000000000,1.000000000000000,"04, 22","2750",Gravier/Gazon,NON,NON,46.111337635799998,-73.452571405399993,Autre,restreint,QC,Aéroport Lourdes-de-Joliette,École De Parachutisme Voltige 2001,"NAV CANADA supplément de vol - Canada (CFS), numérisation à partir de photos aériennes géoréférencées.","20071201","20230322",x,"82"
91.000000000000000,Manic 5 (Lac Louise),CSH8,Hydroaérodrome,Hydroaérodrome,Hydroaérodrome,4.000000000000000,0.000000000000000,"0","0",n/a,OUI,NON,50.657204423899998,-68.819478305800004,Autre,non restreint,QC,Hydroaérodrome Manic 5/Lac Louise,Air Tunilik,NAV CANADA supplément hydroaérodromes - Canada (CWAS ) photos aériennes géoréférencées.,"20071201","20230322",x,"83"
92.000000000000000,Manic-5,CMN5,Aérodrome,Autre aéroport,Aérodrome,2.000000000000000,1.000000000000000,"10, 28","4004",Gravier,NON,NON,50.657499694599998,-68.832499706999997,Provincial,restreint,QC,Aérodrome Manic-5,Société de protection forêts contre le feu (SOPFEU),"NAV CANADA supplément de vol - Canada (CFS), numérisation à partir de photos aériennes géoréférencées.","20160204","20230322",x,"84"
93.000000000000000,Maniwaki,CYMW,Aérodrome,Autre aéroport,Aérodrome,2.000000000000000,1.000000000000000,"03, 21","4921",Asphalte,OUI,NON,46.274444075399998,-75.989999284400000,Municipal,non restreint,QC,Aéroport de Maniwaki,Régie intermunicipale de l'Aéroport de Maniwaki,"NAV CANADA supplément de vol - Canada (CFS), numérisation à partir de photos aériennes géoréférencées.","20071201","20230322",x,"85"
94.000000000000000,Mansonville,CSK4,Aérodrome,Non,Aérodrome,2.000000000000000,1.000000000000000,"09, 27","2800",Asphalte,NON,NON,45.026548176100000,-72.402468441200000,Autre,restreint,QC,Aéroport Mansonville,Mansonville Flying Club,"NAV CANADA supplément de vol - Canada (CFS), numérisation à partir de photos aériennes géoréférencées.","20071201","20230322",x,"86"
95.000000000000000,Matagami,CYNM,Aérodrome,Autre aéroport,Aérodrome,2.000000000000000,1.000000000000000,"15, 33","5001",Asphalte,OUI,NON,49.761666989399998,-77.802778604799997,Provincial,non restreint,QC,Aéroport de Matagami,Ministère des Transports du Québec,"NAV CANADA supplément de vol - Canada (CFS), numérisation à partir de photos aériennes géoréférencées.","20071201","20230322",x,"87"
96.000000000000000,Matane,CYME,Aérodrome,Autre aéroport,Aérodrome,2.000000000000000,1.000000000000000,"09, 27","5500",Asphalte,NON,NON,48.856056949299997,-67.453056768600007,Municipal,non restreint,QC,Aéroport de Matane,Ville de Matane,"NAV CANADA supplément de vol - Canada (CFS), numérisation à partir de photos aériennes géoréférencées.","20071201","20230322",x,"88"
97.000000000000000,Mistissini,CSE6,Hydroaérodrome,Hydroaérodrome,Hydroaérodrome,4.000000000000000,0.000000000000000,"0","0",n/a,OUI,NON,50.411722649399998,-73.873851680100003,Autre,non restreint,QC,Hydroaérodrome Mistissini,Waasheshkun Airways Ltée,NAV CANADA supplément hydroaérodromes - Canada (CWAS ) photos aériennes géoréférencées.,"20071201","20230322",x,"89"
98.000000000000000,Mont-Joli,CYYY,Aéroport,Aéroport majeur,Aéroport majeur,1.000000000000000,2.000000000000000,"06, 24 / 15, 33",6000/3954,"Asphalte, Asphalte",OUI,NON,48.608611321700003,-68.208611507399993,Municipal,non restreint,QC,Aéroport  de Mont-Joli,Régie Intermunicipale,"NAV CANADA supplément de vol - Canada (CFS), numérisation à partir de photos aériennes géoréférencées.","20071201","20230322",x,"90"
99.000000000000000,Mont-Laurier,CSD4,Aérodrome,Autre aéroport,Aérodrome,2.000000000000000,1.000000000000000,"08, 26","4002",Asphalte,OUI,NON,46.564092024899999,-75.576393373800002,Municipal,non restreint,QC,Aéroport de Mont-Laurier,Association des Pilotes et Propriétaires d'aéronefs,"NAV CANADA supplément de vol - Canada (CFS), numérisation à partir de photos aériennes géoréférencées.","20071201","20230322",x,"91"
100.000000000000000,Mont-Tremblant/St-Jovite Héli-Tremblant (héli.),CHT3,Héliport,Non,Héliport,3.000000000000000,0.000000000000000,"0","0",Asphalte,OUI,NON,46.114317132899998,-74.541991660199997,Autre,restreint,QC,Héliport Mont-Tremblant/Saint-Jovite Héli-Tremblant,Héli-Tremblant,"NAV CANADA supplément de vol - Canada (CFS), numérisation à partir de photos aériennes géoréférencées.","20160204","20230322",x,"92"
101.000000000000000,Mont-Tremblant/Saint-Jovite,CSZ3,Aérodrome,Non,Aérodrome,2.000000000000000,1.000000000000000,"02, 20","3300",Gazon,NON,NON,46.153510396599998,-74.583163029900007,Autre,restreint,QC,Aéroport Mont-Tremblant/Saint-Jovite,Aéroport Mont-Tremblant Inc.,"NAV CANADA supplément de vol - Canada (CFS), numérisation à partir de photos aériennes géoréférencées.","20071201","20230322",x,"93"
102.000000000000000,Montebello,CSB6,Hydroaérodrome,Non,Hydroaérodrome,4.000000000000000,0.000000000000000,"0","0",n/a,NON,NON,45.635093746899997,-74.974318464500001,Autre,restreint,QC,Hydroaérodrome Montebello,3801179 Canada Inc.,NAV CANADA supplément hydroaérodromes - Canada (CWAS ) photos aériennes géoréférencées.,"20071201","20230322",x,"94"
103.000000000000000,Montmagny,CSE5,Aéroport,Autre aéroport,Aérodrome,2.000000000000000,1.000000000000000,"08, 26","2998",Asphalte,OUI,NON,47.000972595900002,-70.515078245300003,Provincial,non restreint,QC,Aéroport  de Montmagny,Ministère des Transports du Québec,"NAV CANADA supplément de vol - Canada (CFS), numérisation à partir de photos aériennes géoréférencées.","20071201","20230322",x,"95"
104.000000000000000,Montréal/Bell (héli.),CSW5,Héliport,Non,Héliport,3.000000000000000,0.000000000000000,"0","0",Asphalte,NON,NON,45.684417848400003,-73.932261885700001,Autre,restreint,QC,Héliport Montréal (Bell),Bell Helicopter Textron,"NAV CANADA supplément de vol - Canada (CFS), numérisation à partir de photos aériennes géoréférencées.","20071201","20230322",x,"96"
105.000000000000000,Montréal/Boisvert et Fils (Riv. Des prairies),CSA4,Hydroaérodrome,Non,Hydroaérodrome,4.000000000000000,0.000000000000000,"0","0",n/a,OUI,NON,45.645584761400002,-73.596286469700004,Autre,restreint,QC,Hydroaérodrome Montréal/Boisvert et Fils,Boisvert & Fils Aviation Ltée.,NAV CANADA supplément hydroaérodromes - Canada (CWAS ) photos aériennes géoréférencées.,"20071201","20230322",x,"97"
106.000000000000000,Montreal East (AIM) (héli.),CSH9,Héliport,Non,Héliport,3.000000000000000,0.000000000000000,"0","0",Toit de bois,NON,NON,45.635160514799999,-73.562181873300005,Autre,restreint,QC,Héliport Montreal East (AIM),American Iron & Metal GP Inc.,"NAV CANADA supplément de vol - Canada (CFS), numérisation à partir de photos aériennes géoréférencées.","20071201","20230322",x,"98"
107.000000000000000,Montréal/Kruger (héli.),CSN2,Héliport,Non,Héliport,3.000000000000000,0.000000000000000,"0","0",Gazon,NON,NON,45.507354282199998,-73.636040837099998,Autre,restreint,QC,Héliport Montréal/Kruger,Kruger Inc.,"NAV CANADA supplément de vol - Canada (CFS), numérisation à partir de photos aériennes géoréférencées.","20160204","20230322",x,"99"
109.000000000000000,Montréal/Point Zéro (héli.),CPZ6,Héliport,Non,Héliport,3.000000000000000,0.000000000000000,"0","0",Sur le toit,NON,NON,45.529826045900002,-73.657807399600003,Autre,restreint,QC,Héliport Montréal/Point Zéro,Point Zéro,"NAV CANADA supplément de vol - Canada (CFS), numérisation à partir de photos aériennes géoréférencées.","20160204","20230322",x,"100"
110.000000000000000,Montréal/Sacré-Coeur (héli.),CSZ8,Héliport,Non,Héliport,3.000000000000000,0.000000000000000,"0","0",Asphalte,NON,NON,45.533163660400000,-73.712403709499995,Provincial,restreint,QC,Héliport Montréal (Sacré-Cur),Hôpital Sacré-Coeur,"NAV CANADA supplément de vol - Canada (CFS), numérisation à partir de photos aériennes géoréférencées.","20071201","20230322",x,"101"
111.000000000000000,Montréal Intl (Mirabel),CYMX,Aéroport,Aéroport majeur,Aéroport majeur,1.000000000000000,2.000000000000000,"06, 24 / 11, 29",1200/120000,"Béton, Béton",OUI,OUI,45.682216724299998,-74.010642367000003,Fédéral,non restreint,QC,Aéroport international Montréal-Mirabel,Aéroports de Montréal,"NAV CANADA supplément de vol - Canada (CFS), numérisation à partir de photos aériennes géoréférencées","20071201","20230322",x,"102"
112.000000000000000,Montréal Laval/Artoplex plus (héli.),CLP2,Héliport,Non,Héliport,3.000000000000000,0.000000000000000,"0","0",Asphalte/Neige compactée,NON,NON,45.578590126400002,-73.750024818800000,Autre,restreint,QC,Héliport Montréal/Laval (Artoplex plus ),Groupe Pro Plus Inc.,"NAV CANADA supplément de vol - Canada (CFS), numérisation à partir de photos aériennes géoréférencées","20071201","20230322",x,"103"
113.000000000000000,Montréal Les Cèdres (héli.),CSH6,Héliport,Non,Héliport,3.000000000000000,0.000000000000000,"0","0",Inconnu,OUI,NON,45.347465939800003,-74.086873061999995,Autre,restreint,QC,Héliport Montréal/Les Cèdres,Les Hélicoptères Canadiens Ltée,"NAV CANADA supplément de vol - Canada (CFS), numérisation à partir de photos aériennes géoréférencées","20071201","20230322",x,"104"
114.000000000000000,Montréal Longueuil/Centre Hospitalier  Pierre-Boucher (héli.),CCH5,Héliport,Non,Héliport,3.000000000000000,0.000000000000000,"0","0",Asphalte,NON,NON,45.538130405099999,-73.460031016499997,Provincial,restreint,QC,Héliport Montréal/Longueuil (Centre hospitalier Pierre-Boucher),Centre hospitalier Pierre-Boucher,"NAV CANADA supplément de vol - Canada (CFS), numérisation à partir de photos aériennes géoréférencées","20071201","20230322",x,"105"
116.000000000000000,Montréal St-Hubert/Héli-Inter (héli.),CTG2,Héliport,Non,Héliport,3.000000000000000,0.000000000000000,"0","0","Asphalte, Gazon",OUI,NON,45.532087511100002,-73.411470335399997,Autre,restreint,QC,Héliport Montréal/Saint-Hubert Hélicraft,Heli-Inter Inc.,"NAV CANADA supplément de vol - Canada (CFS), numérisation à partir de photos aériennes géoréférencées","20071201","20230322",x,"106"
117.000000000000000,Montréal/Aéroparc Île Perrot,CSP6,Aérodrome,Non,Aérodrome,2.000000000000000,1.000000000000000,"07, 25","2600",Gazon/Neige,NON,NON,45.376131567000002,-73.907302064099994,Autre,restreint,QC,Aéroparc Montréal/Île Perrot,Paul Fréchette,"NAV CANADA supplément de vol - Canada (CFS), numérisation à partir de photos aériennes géoréférencées","20071201","20230322",x,"107"
118.000000000000000,Montréal/Les Cèdres,CSH6,Héliport,Non,Héliport,3.000000000000000,0.000000000000000,"0","0",Asphalte,OUI,NON,45.347465939800003,-74.086873061999995,Autre,restreint,QC,Héliport Montréal/Les Cèdres,Les Hélicoptères Canadiens Ltée,"NAV CANADA supplément de vol - Canada (CFS), numérisation à partir de photos aériennes géoréférencées","20220829","20230322",x,"108"
119.000000000000000,Montréal/Pierre-Elliott-Trudeau Intl (Dorval),CYUL,Aéroport,Aéroport majeur,Aéroport majeur,1.000000000000000,3.000000000000000,"06L, 24R / 06R, 24L /10, 28",11000/9600/7000,"Asphalte/Béton, CONC rainurée, Asphalte",OUI,OUI,45.468056482999998,-73.741666791499995,Fédéral,non restreint,QC,Aéroport international Pierre-Elliott-Trudeau de Montréal,Aéroports de Montréal,"NAV CANADA supplément de vol - Canada (CFS), numérisation à partir de photos aériennes géoréférencées","20071201","20230322",x,"109"
120.000000000000000,Montréal/St-Hubert,CYHU,Aéroport,Aéroport majeur,Aéroport majeur,1.000000000000000,3.000000000000000,"06L, 24R / 06R, 24L /10, 28",7801/3922/2420,"Asphalte, Asphalte, Asphalte",OUI,OUI,45.517499714700001,-73.417500559100006,Autre,non restreint,QC,Aéroport de Saint-Hubert,DASH-L,"NAV CANADA supplément de vol - Canada (CFS), numérisation à partir de photos aériennes géoréférencées","20071201","20230322",x,"110"
121.000000000000000,Montréal/St-Lazare,CST3,Aérodrome,Autre aéroport,Aérodrome,2.000000000000000,2.000000000000000,"02, 20 / 08, 26",2585/2275,"Asphalte/Gazon, Gazon",NON,NON,45.389999939799999,-74.134443904700007,Autre,non restreint,QC,Aérodrome Montréal/Saint-Lazare,Cooper Aviation Inc.,"NAV CANADA supplément de vol - Canada (CFS), numérisation à partir de photos aériennes géoréférencées","20071201","20230322",x,"111"
122.000000000000000,Natashquan,CYNA,Aéroport,Autre aéroport,Aérodrome,2.000000000000000,1.000000000000000,"14, 32","4495",Asphalte,OUI,NON,50.189722367900004,-61.789571862199999,Fédéral,non restreint,QC,Aéroport de Natashquan,Municipalité du Canton de Natashquan,"NAV CANADA supplément de vol - Canada (CFS), numérisation à partir de photos aériennes géoréférencées","20071201","20230322",x,"112"
123.000000000000000,Natashquan (Lac de l'avion),CSY8,Hydroaérodrome,Non,Hydroaérodrome,4.000000000000000,0.000000000000000,"0","0",n/a,OUI,NON,50.189895955099999,-61.751753242900001,Autre,restreint,QC,Hydroaérodrome Natashquan (Lac de l'avion),Air Tunilik,NAV CANADA supplément hydroaérodromes - Canada (CWAS ) photos aériennes géoréférencées.,"20071201","20230322",x,"113"
124.000000000000000,Nemiscau,CYHH,Aérodrome,Non,Aérodrome,2.000000000000000,1.000000000000000,"09, 27","5000",Gravier,NON,NON,51.691111207900001,-76.135556816000005,Provincial,restreint,QC,Aéroport de Nemiscau,Hydro-Québec,"NAV CANADA supplément de vol - Canada (CFS), numérisation à partir de photos aériennes géoréférencées FLOU","20071201","20230322",x,"114"
125.000000000000000,Nicolet (héli.),CSK9,Héliport,Non,Héliport,3.000000000000000,0.000000000000000,"0","0",Inconnu,NON,NON,46.220115396899999,-72.647735432999994,Fédéral,restreint,QC,Héliport Nicolet,"Ministère de la Défense Nationale, Contrôleur du champ de tir","NAV CANADA supplément de vol - Canada (CFS), numérisation à partir de photos aériennes géoréférencées","20071201","20230322",x,"115"
126.000000000000000,Ottawa/Gatineau,CYND,Aéroport,Autre aéroport,Aérodrome,2.000000000000000,1.000000000000000,"09, 27","6000",Asphalte,OUI,OUI,45.521388604999999,-75.564444374999994,Municipal,non restreint,QC,Aéroport exécutif Gatineau-Ottawa,La Corp de l'Aéroport Exécutif de Gatineau-Ottawa,"NAV CANADA supplément de vol - Canada (CFS), numérisation à partir de photos aériennes géoréférencées","20071201","20230322",x,"116"
128.000000000000000,Ottawa Gatineau/Casino (héli.),CTA9,Héliport,Non,Héliport,3.000000000000000,0.000000000000000,"0","0",Béton,NON,NON,45.446656278799999,-75.726773204300002,Autre,restreint,QC,Héliport Ottawa/Gatineau (Casino),Casiloc Inc.,"NAV CANADA supplément de vol - Canada (CFS), numérisation à partir de photos aériennes géoréférencées","20071201","20230322",x,"117"
129.000000000000000,Parc Gatineau (Lac des loups),CSD9,Hydroaérodrome,Non,Hydroaérodrome,4.000000000000000,0.000000000000000,"0","0",n/a,NON,NON,45.683569143000000,-76.207636749200006,Autre,restreint,QC,Hydroaérodrome Parc Gatineau,Richard Ashby,NAV CANADA supplément hydroaérodromes - Canada (CWAS ) photos aériennes géoréférencées.,"20071201","20230322",x,"118"
130.000000000000000,Parent,CYPP,Aérodrome,Autre aéroport,Aérodrome,2.000000000000000,1.000000000000000,"06, 24","2975",Gravier,NON,NON,47.931944199400000,-74.608056008999995,Municipal,non restreint,QC,Aéroport de Parent,Air Aviation Inc.,"NAV CANADA supplément de vol - Canada (CFS), numérisation à partir de photos aériennes géoréférencées","20071201","20230322",x,"119"
131.000000000000000,Parent (Lac Mauser),CSE9,Hydroaérodrome,Non,Hydroaérodrome,4.000000000000000,0.000000000000000,"0","0",n/a,OUI,NON,47.892213114299999,-74.639571692900006,Autre,restreint,QC,Hydroaérodrome Parent,Air Mont-Laurier (1985) Inc.,NAV CANADA supplément hydroaérodromes - Canada (CWAS ) photos aériennes géoréférencées.,"20071201","20230322",x,"120"
132.000000000000000,Port-Menier,CYPN,Aéroport,Autre aéroport,Aérodrome,2.000000000000000,1.000000000000000,"11, 29","4888",Asphalte,NON,NON,49.836593005700003,-64.290913008999993,Provincial,non restreint,QC,Aéroport de Port-Menier,Ministère des Transports du Québec,"NAV CANADA supplément de vol - Canada (CFS), numérisation à partir de photos aériennes géoréférencées","20071201","20230322",x,"121"
133.000000000000000,Poste Lemoyne/LG-3 (héli.),CSY6,Héliport,Non,Héliport,3.000000000000000,0.000000000000000,"0","0",Inconnu,NON,NON,53.482777819799999,-75.031667177499997,Provincial,restreint,QC,Héliport Poste Lemoyne (Complex LG-3),Hydro-Québec,"NAV CANADA supplément de vol - Canada (CFS), numérisation à partir de photos aériennes géoréférencées","20071201","20230322",x,"122"
134.000000000000000,Poste Montagnais (Mile 134),CSF3,Aérodrome,Non,Aérodrome,2.000000000000000,1.000000000000000,"17, 35","4436",Gravier,NON,NON,51.889308065500003,-65.715479306099994,Provincial,restreint,QC,Aéroport du Poste Montagnais (Mile 134),Hydro-Québec,"NAV CANADA supplément de vol - Canada (CFS), numérisation à partir de photos aériennes géoréférencées","20071201","20230322",x,"123"
135.000000000000000,Pourvoirie Mirage,CPM3,Aérodrome,Non,Aérodrome,2.000000000000000,1.000000000000000,"09, 27","3500",Gravier/Roche concassée,OUI,NON,53.802499527700000,-72.841388793600004,Autre,restreint,QC,Aérodrome Pourvoirie Mirage,Pourvoirie Mirage Inc.,"NAV CANADA supplément de vol - Canada (CFS), numérisation à partir de photos aériennes géoréférencées","20160204","20230322",x,"124"
136.000000000000000,Puvirnituq,CYPX,Aéroport,Autre aéroport,Aérodrome,2.000000000000000,1.000000000000000,"01, 19","6299",Gravier,OUI,NON,60.052311873299999,-77.287677522400003,Provincial,non restreint,QC,Aéroport de Puvirnituq,Administration Régionale Kativik,"NAV CANADA supplément de vol - Canada (CFS), numérisation à partir de photos aériennes géoréférencées","20071201","20230322",x,"125"
137.000000000000000,Quaqtaq,CYHA,Aéroport,Autre aéroport,Aérodrome,2.000000000000000,1.000000000000000,"18, 36","3520",Gravier,NON,NON,61.046796225000001,-69.617804425499997,Provincial,non restreint,QC,Aéroport de Quaqtaq,Administration Régionale Kativik,"NAV CANADA supplément de vol - Canada (CFS), numérisation à partir de photos aériennes géoréférencées","20071201","20230322",x,"126"
138.000000000000000,Québec/Lac St-Augustin,CSN8,Hydroaérodrome,Non,Hydroaérodrome,4.000000000000000,0.000000000000000,"0","0",n/a,OUI,NON,46.751346143299997,-71.393722440299996,Autre,restreint,QC,Hydroaérodrome de Québec-Lac Saint-Augustin,Luc Forgues,NAV CANADA supplément hydroaérodromes - Canada (CWAS ) photos aériennes géoréférencées.,"20071201","20230322",x,"127"
139.000000000000000,Québec/Jean-Lesage Intl,CYQB,Aéroport,Aéroport majeur,Aéroport majeur,1.000000000000000,2.000000000000000,"06, 24 / 11, 29",9000/5700,"Asphalte, Asphalte",OUI,OUI,46.792404787499997,-71.391721222499996,Fédéral,non restreint,QC,Aéroport international Jean-Lessage de Québec,Aéroport  de Québec Inc.,"NAV CANADA supplément de vol - Canada (CFS), numérisation à partir de photos aériennes géoréférencées","20071201","20230322",x,"128"
140.000000000000000,Richelieu,CSX3,Aérodrome,Non,Aérodrome,2.000000000000000,1.000000000000000,"13, 31","2600",Gravier,NON,NON,45.447131907900001,-73.233063054900001,Autre,restreint,QC,Aérodrome Richelieu,3169065 Canada Inc.,"NAV CANADA supplément de vol - Canada (CFS), numérisation à partir de photos aériennes géoréférencées","20071201","20230322",x,"129"
141.000000000000000,Rimouski,CYXK,Aérodrome,Autre aéroport,Aérodrome,2.000000000000000,1.000000000000000,"07, 25","4600",Asphalte,OUI,NON,48.476176344999999,-68.498581134299997,Municipal,non restreint,QC,Aéroport de Rimouski,Ville,"NAV CANADA supplément de vol - Canada (CFS), numérisation à partir de photos aériennes géoréférencées","20071201","20230322",x,"130"
142.000000000000000,Rivière Bell,CRB5,Aérodrome,Autre aéroport,Aérodrome,2.000000000000000,1.000000000000000,"12, 30","5526",Gravier,NON,NON,49.078888543399998,-62.236944376600000,Autre,restreint,QC,Aérodrome Rivière Bell,Safari Anticosti,"NAV CANADA supplément de vol - Canada (CFS), numérisation à partir de photos aériennes géoréférencées","20071201","20230322",x,"131"
143.000000000000000,Rivière Blanche/Cardinal Aviation,CRB7,Hydroaérodrome,Non,Hydroaérodrome,4.000000000000000,0.000000000000000,"0","0",n/a,OUI,NON,45.548210219900000,-75.627912669599993,Autre,restreint,QC,Hydroaérodrome Rivière Blanche/Cardinal Aviation,Cardinal Aviation,NAV CANADA supplément hydroaérodromes - Canada (CWAS ) photos aériennes géoréférencées.,"20160331","20230322",x,"132"
144.000000000000000,Rivière Bonnard,CRB4,Aérodrome,Non,Aérodrome,2.000000000000000,1.000000000000000,"13, 31","4003",Gravier,NON,NON,50.705697942199997,-71.165048382600006,Provincial,restreint,QC,Aéroport Rivière Bonnard,Société de protection des forêts contre le feu (SOPFEU),"NAV CANADA supplément de vol - Canada (CFS), numérisation à partir de photos aériennes géoréférencées","20071201","20230322",x,"133"
147.000000000000000,Rivière-aux-Saumons,CTH7,Aérodrome,Non,Aérodrome,2.000000000000000,1.000000000000000,"10, 28","5384",Asphalte,NON,NON,49.401388421400000,-62.295555102300000,Autre,restreint,QC,Aérodrome Rivière-aux-Saumons,Safari Anticosti,"NAV CANADA supplément de vol - Canada (CFS), numérisation à partir de photos aériennes géoréférencées","20160204","20230322",x,"134"
148.000000000000000,Rivière-du-Loup,CYRI,Aérodrome,Autre aéroport,Aérodrome,2.000000000000000,1.000000000000000,"05, 23","6001",Asphalte,OUI,NON,47.764311452599998,-69.584423304200001,Municipal,non restreint,QC,Aéroport de Rivière-du-Loup,Aviation MH Inc.,"NAV CANADA supplément de vol - Canada (CFS), numérisation à partir de photos aériennes géoréférencées","20071201","20230322",x,"135"
149.000000000000000,Rivière-du-Loup (héli.),CSS2,Héliport,Non,Héliport,3.000000000000000,0.000000000000000,"0","0",Inconnu,NON,NON,47.849033988199999,-69.542242402100001,Fédéral,restreint,QC,Héliport Rivière-du-Loup,Garde côtière canadienne,"NAV CANADA supplément de vol - Canada (CFS), numérisation à partir de photos aériennes géoréférencées","20071201","20230322",x,"136"
150.000000000000000,Roberval,CYRJ,Aéroport,Autre aéroport,Aérodrome,2.000000000000000,1.000000000000000,"16, 34","5000",Asphalte,OUI,NON,48.519999966900002,-72.266111768700000,Municipal,non restreint,QC,Aéroport de Roberval,Services ADR Inc.,"NAV CANADA supplément de vol - Canada (CFS), numérisation à partir de photos aériennes géoréférencées","20071201","20230322",x,"137"
152.000000000000000,Rougemont,CTY5,Aérodrome,Non,Aérodrome,2.000000000000000,1.000000000000000,"06, 24","3250",Gravel/Gazon,NON,NON,45.439062225000001,-73.036711869300007,Autre,restreint,QC,Aéroéport de Rougemont,Benoit Tétreault,"NAV CANADA supplément de vol - Canada (CFS), numérisation à partir de photos aériennes géoréférencées","20071201","20230322",x,"138"
153.000000000000000,Rouyn-Noranda,CYUY,Aéroport,Aéroport majeur,Aéroport majeur,1.000000000000000,1.000000000000000,"08, 26","7500",Asphalte,OUI,NON,48.207342985700002,-78.833367539600005,Municipal,non restreint,QC,Aéroport de Rouyn-Noranda,Ville,"NAV CANADA supplément de vol - Canada (CFS), numérisation à partir de photos aériennes géoréférencées","20071201","20230322",x,"139"
154.000000000000000,Sagard (héli.),CSG9,Héliport,Non,Héliport,3.000000000000000,0.000000000000000,"0","0",Inconnu,NON,NON,47.990833080500003,-70.077499821399996,Autre,restreint,QC,Héliport Sagard,Les Hélicoptères Canadiens Ltée,"NAV CANADA supplément de vol - Canada (CFS), numérisation à partir de photos aériennes géoréférencées","20160204","20230322",x,"140"
155.000000000000000,St-André-Avellin,CAA2,Aérodrome,Non,Aérodrome,2.000000000000000,1.000000000000000,"03, 21","2400",Gazon,NON,NON,45.742117706300000,-75.071151324799999,Autre,restreint,QC,Aérodrome Saint-André-Avellin,Corporation Aérodrome St-André-Avellin,"NAV CANADA supplément de vol - Canada (CFS), numérisation à partir de photos aériennes géoréférencées","20160204","20230322",x,"141"
156.000000000000000,St-Augustin,CYIF,Aéroport,Autre aéroport,Aérodrome,2.000000000000000,1.000000000000000,"01, 19","4595",Asphalte,NON,NON,51.211659530200002,-58.657795099799998,Provincial,non restreint,QC,Aéroport de Saint-Augustin,Ministère des Transports du Québec,"NAV CANADA supplément de vol - Canada (CFS), numérisation à partir de photos aériennes géoréférencées","20071201","20230322",x,"142"
157.000000000000000,St-Basile (Marcotte),CTR6,Aérodrome,Non,Aérodrome,2.000000000000000,1.000000000000000,"15, 33","2000",Gazon/Neige,NON,NON,46.784344059799999,-71.827027322199996,Autre,restreint,QC,Aérodrome Saint-Basile (Marcotte),Denis Marcotte,"NAV CANADA supplément de vol - Canada (CFS), numérisation à partir de photos aériennes géoréférencées","20071201","20230322",x,"143"
158.000000000000000,St-Bruno-de-Guigues,CTA4,Aérodrome,Autre aéroport,Aérodrome,2.000000000000000,1.000000000000000,"10, 28","4494",Asphalte,OUI,NON,47.449343962299999,-79.418055882199994,Provincial,non restreint,QC,Aérodrome Saint-Bruno-de-Guigues,Ministère des Transports du Québec,"NAV CANADA supplément de vol - Canada (CFS), numérisation à partir de photos aériennes géoréférencées","20071201","20230322",x,"144"
159.000000000000000,St-Dominique,CSS4,Aérodrome,Non,Aérodrome,2.000000000000000,1.000000000000000,"15, 33","2200",Gazon,NON,NON,45.632582820000003,-72.819971562500001,Autre,restreint,QC,Aérodrome Saint-Dominique,Association Vol à voile Champlain Inc.,"NAV CANADA supplément de vol - Canada (CFS), numérisation à partir de photos aériennes géoréférencées","20071201","20230322",x,"145"
160.000000000000000,St-Donat,CSY4,Aérodrome,Autre aéroport,Aérodrome,2.000000000000000,1.000000000000000,"12, 30","3000",Asphalte/Gravier,NON,NON,46.306099938499997,-74.182116835399995,Municipal,non restreint,QC,Aérodrome Saint-Donat,Municipalité de St-Donat,"NAV CANADA supplément de vol - Canada (CFS), numérisation à partir de photos aériennes géoréférencées","20071201","20230322",x,"146"
161.000000000000000,St-Esprit,CES2,Aérodrome,Non,Aérodrome,2.000000000000000,1.000000000000000,"02, 20","3000",Gazon,NON,NON,45.916802092499999,-73.672124661300003,Autre,restreint,QC,Aérodrome Saint-Esprit,Aérodrome Saint-Esprit Inc.,"NAV CANADA supplément de vol - Canada (CFS), numérisation à partir de photos aériennes géoréférencées","20160204","20230322",x,"147"
162.000000000000000,St-Ferdinand,CSH5,Aérodrome,Autre aéroport,Aérodrome,2.000000000000000,1.000000000000000,"05, 23","2879",Gazon/Gravier,NON,NON,46.125916277000002,-71.536718113700005,Autre,non restreint,QC,Aérodrome Saint-Ferdinand,M. Langlois,"NAV CANADA supplément de vol - Canada (CFS), numérisation à partir de photos aériennes géoréférencées","20071201","20230322",x,"148"
163.000000000000000,St-Frédéric,CSZ4,Aérodrome,Autre aéroport,Aérodrome,2.000000000000000,1.000000000000000,"05, 23","3572",Asphalte,OUI,OUI,46.331917063500001,-70.960293071799995,Autre,non restreint,QC,Aérodrome de Saint-Frédéric,Grondair,"NAV CANADA supplément de vol - Canada (CFS), numérisation à partir de photos aériennes géoréférencées","20071201","20230322",x,"149"
164.000000000000000,St-Georges,CYSG,Aérodrome,Autre aéroport,Aérodrome,2.000000000000000,1.000000000000000,"06, 24","5112",Asphalte,OUI,OUI,46.097778089099997,-70.712499675000004,Municipal,non restreint,QC,Aérodrome de Saint-Georges,Aviation CMP,"NAV CANADA supplément de vol - Canada (CFS), numérisation à partir de photos aériennes géoréférencées","20071201","20230322",x,"150"
165.000000000000000,St-Hyacinthe,CSU3,Aérodrome,Non,Aérodrome,2.000000000000000,1.000000000000000,"02, 20","3823",Asphalte/Gazon,OUI,NON,45.606642664600002,-73.015118250599997,Autre,restreint,QC,Aérodrome de Saint-Hyacinthe,Aeroport de St-Hyacinthe,"NAV CANADA supplément de vol - Canada (CFS), numérisation à partir de photos aériennes géoréférencées","20071201","20230322",x,"151"
166.000000000000000,St-Jean,CYJN,Aéroport,Autre aéroport,Aérodrome,2.000000000000000,3.000000000000000,"11, 29 / 02, 20 / 06, 24",4012/2438/2349,"Asphalte, Asphalte, Asphalte",OUI,NON,45.294444929900003,-73.281110970300006,Municipal,non restreint,QC,Aéroport de Saint-Jean-sur-Richelieu,Municipalité,"NAV CANADA supplément de vol - Canada (CFS), numérisation à partir de photos aériennes géoréférencées","20071201","20230322",x,"152"
167.000000000000000,St-Jean-Chrysostome,CSG5,Aérodrome,Non,Aérodrome,2.000000000000000,2.000000000000000,"02, 20 / 06, 24",3300/2700,"Asphalte, Gravier/Asphalte",OUI,NON,46.689336016500000,-71.151670347800007,Autre,restreint,QC,Aérodrome de Saint-Jean-Chrysostome,Aérodrome de St-Jean Chrysostome,"NAV CANADA supplément de vol - Canada (CFS), numérisation à partir de photos aériennes géoréférencées","20071201","20230322",x,"153"
168.000000000000000,St-Jérôme,CSN3,Aérodrome,Non,Aérodrome,2.000000000000000,1.000000000000000,"10, 28","3000",Gravier,NON,NON,45.780182111499997,-74.063790545000003,Autre,restreint,QC,Aérodrome Saint-Jérôme,Parachutisme Adrénaline,"NAV CANADA supplément de vol - Canada (CFS), numérisation à partir de photos aériennes géoréférencées","20071201","20230322",x,"154"
169.000000000000000,St-Lambert-de-Lauzon,CST7,Aérodrome,Non,Aérodrome,2.000000000000000,1.000000000000000,"06, 24","2400",Gazon,NON,NON,46.559999575699997,-71.182061223299996,Autre,restreint,QC,Aérodrome de Saint-Lambert-de-Lauzon,L' Aéro-parc,"NAV CANADA supplément de vol - Canada (CFS), numérisation à partir de photos aériennes géoréférencées","20071201","20230322",x,"155"
170.000000000000000,St-Louis-de-France,CSJ5,Aérodrome,Non,Aérodrome,2.000000000000000,1.000000000000000,"15, 33","2300",Gravier,NON,NON,46.436851273999999,-72.630000092700001,Autre,restreint,QC,Aérodrome Saint-Louis-de-France,Pierrette Auger,"NAV CANADA supplément de vol - Canada (CFS), numérisation à partir de photos aériennes géoréférencées","20071201","20230322",x,"156"
171.000000000000000,St-Mathias,CSP5,Aérodrome,Autre aéroport,Aérodrome,2.000000000000000,1.000000000000000,"14, 32","2000",Gravier/Gazon,OUI,NON,45.502064646400001,-73.243379447099997,Autre,non restreint,QC,Aérodrome de Saint-Mathias,Aviation B.L. Inc.,"NAV CANADA supplément de vol - Canada (CFS), numérisation à partir de photos aériennes géoréférencées","20071201","20230322",x,"157"
172.000000000000000,St-Mathias/Grant,CSX5,Aérodrome,Non,Aérodrome,2.000000000000000,1.000000000000000,"15, 33","2200",Gazon,NON,NON,45.471830748700000,-73.199689643499994,Autre,restreint,QC,Aérodrome Saint-Mathias/Grant,Grant Aviation Enr.,"NAV CANADA supplément de vol - Canada (CFS), numérisation à partir de photos aériennes géoréférencées","20071201","20230322",x,"158"
173.000000000000000,St-Mathieu-de-Beloeil (Gilles Beaudet),CSB3,Aérodrome,Autre aéroport,Aérodrome,2.000000000000000,1.000000000000000,"15, 33","2581",Asphalte,OUI,NON,45.590319764299998,-73.238191896800004,Municipal,restreint,QC,Aérodrome de Saint-Mathieu-de-Beloeil,Corporation de l'Aéroport SMB Inc.,"NAV CANADA supplément de vol - Canada (CFS), numérisation à partir de photos aériennes géoréférencées","20071201","20230322",x,"159"
174.000000000000000,St-Michel-de-Napierville,CMN3,Aérodrome,Non,Aérodrome,2.000000000000000,1.000000000000000,"13, 31","2600",Gazon,NON,NON,45.214100264400003,-73.577103415899998,Autre,restreint,QC,Aérodrome de Saint-Michel-de-Napierville,D. le Hesran et R. Levesque,"NAV CANADA supplément de vol - Canada (CFS), numérisation à partir de photos aériennes géoréférencées","20040217","20230322",x,"160"
175.000000000000000,St-Michel-des-Saints,CSM5,Aérodrome,Autre aéroport,Aérodrome,2.000000000000000,1.000000000000000,"16, 34","3000",Gravier,NON,NON,46.681002836499999,-73.993611462700002,Municipal,non restreint,QC,Aérodrome de Saint-Michel-des-Saints,Municipalité de St-Michel-des-Saints,"NAV CANADA supplément de vol - Canada (CFS), numérisation à partir de photos aériennes géoréférencées","20071201","20230322",x,"161"
176.000000000000000,St-Raymond/Paquet,CSK5,Aérodrome,Autre aéroport,Aérodrome,2.000000000000000,1.000000000000000,"09, 27","2400",Gazon,NON,NON,46.894999492200000,-71.785833859299998,Autre,non restreint,QC,Aérodrome Saint-Raymond/Paquet,Club de vol à voile de Québec Inc.,"NAV CANADA supplément de vol - Canada (CFS), numérisation à partir de photos aériennes géoréférencées","20071201","20230322",x,"162"
177.000000000000000,St-Victor-de-Beauce,CSL5,Aérodrome,Non,Aérodrome,2.000000000000000,1.000000000000000,"06, 24","2000",Gazon,NON,NON,46.119817829900001,-70.886344589499998,Autre,restreint,QC,Aérodrome de Saint-Victor-de-Beauce,Club Aéronautique Doyon Inc.,"NAV CANADA supplément de vol - Canada (CFS), numérisation à partir de photos aériennes géoréférencées","20071201","20230322",x,"163"
179.000000000000000,Ste-Anne-des-Monts,CYSZ,Aérodrome,Autre aéroport,Aérodrome,2.000000000000000,1.000000000000000,"14, 32","3954",Asphalte,OUI,NON,49.120159159600000,-66.529220162100003,Municipal,non restreint,QC,Aérodrome Sainte-Anne-des-Monts,Ville,"NAV CANADA supplément de vol - Canada (CFS), numérisation à partir de photos aériennes géoréférencées","20071201","20230322",x,"164"
180.000000000000000,Sallaberry de Valleyfield,CSD3,Aérodrome,Non,Aérodrome,2.000000000000000,1.000000000000000,"06, 24","2800",Gravier/Asphalte,NON,NON,45.208321862699997,-74.141390084799994,Municipal,restreint,QC,Aérodrome Sallaberry-de-Valleyfield,Aéro-Club de Valleyfield Inc,"NAV CANADA supplément de vol - Canada (CFS), numérisation à partir de photos aériennes géoréférencées","20071201","20230322",x,"165"
181.000000000000000,Salluit,CYZG,Aéroport,Autre aéroport,Aérodrome,2.000000000000000,1.000000000000000,"03, 21","3523",Gravier,OUI,NON,62.178888975800000,-75.667500925499994,Provincial,non restreint,QC,Aéroport de Salluit,Administration Régionale Kativik,"NAV CANADA supplément de vol - Canada (CFS), numérisation à partir de photos aériennes géoréférencées","20071201","20230322",x,"166"
182.000000000000000,Schefferville,CYKL,Aéroport,Autre aéroport,Aérodrome,2.000000000000000,1.000000000000000,"17, 35","5002",Asphalte,OUI,NON,54.804468802599999,-66.804618628800000,Fédéral,non restreint,QC,Aéroport de Schefferville,Société aéroportuaire de Schefferville,"NAV CANADA supplément de vol - Canada (CFS), numérisation à partir de photos aériennes géoréférencées","20071201","20230322",x,"167"
183.000000000000000,Schefferville (Squaw Lake),CSZ9,Hydroaérodrome,Non,Hydroaérodrome,4.000000000000000,0.000000000000000,"0","0",n/a,OUI,NON,54.828047460599997,-66.802128142699999,Autre,restreint,QC,Hydroaérodrome Schefferville/Squaw Lake,Air Saguenay (1980) Inc. / Norpaq Aviation,NAV CANADA supplément hydroaérodromes - Canada (CWAS ) photos aériennes géoréférencées.,"20071201","20230322",x,"168"
184.000000000000000,Sept-Îles,CYZV,Aéroport,Aéroport majeur,Aéroport majeur,1.000000000000000,2.000000000000000,"09, 27 / 13, 31",6552/5771,"Asphalte, Asphalte",OUI,OUI,50.224167455100002,-66.266667448199996,Fédéral,non restreint,QC,Aéroport de Sept-Îles,Transports Canada,"NAV CANADA supplément de vol - Canada (CFS), numérisation à partir de photos aériennes géoréférencées","20071201","20230322",x,"169"
185.000000000000000,Sept-Îles/Hydro-Québec (héli.),CTA2,Héliport,Non,Héliport,3.000000000000000,0.000000000000000,"0","0",Asphalte,NON,NON,50.288148017200001,-66.404801930000005,Provincial,restreint,QC,Héliport Sept-Îles (Hydro-Québec),Hydro-Québec,"NAV CANADA supplément de vol - Canada (CFS), numérisation à partir de photos aériennes géoréférencées","20071201","20230322",x,"170"
186.000000000000000,Sept-Îles/Lac des Rapides,CSM8,Hydroaérodrome,Hydroaérodrome,Hydroaérodrome,4.000000000000000,0.000000000000000,"0","0",n/a,OUI,OUI,50.300389932599998,-66.415356855400006,Autre,non restreint,QC,Hydroaérodrome Sept-Îles/Lac des Rapides,"Air Tunilik, Bruno Rioux, Daniel Desbien",NAV CANADA supplément hydroaérodromes - Canada (CWAS ) photos aériennes géoréférencées.,"20071201","20230322",x,"171"
187.000000000000000,Sherbrooke,CYSC,Aérodrome,Autre aéroport,Aérodrome,2.000000000000000,1.000000000000000,"13, 31","5901",Asphalte,OUI,OUI,45.438531523400002,-71.691110123300007,Municipal,non restreint,QC,Aéroport de Sherbrooke,CDAS,"NAV CANADA supplément de vol - Canada (CFS), numérisation à partir de photos aériennes géoréférencées","20071201","20230322",x,"172"
188.000000000000000,Sherbrooke (CHUS) / François Desourdy (héli.),CSG7,Héliport,Non,Héliport,3.000000000000000,0.000000000000000,"0","0",Asphalte,NON,NON,45.447785689000000,-71.871436752299999,Autre,restreint,QC,Héliport Sherbrooke (CHUS)/François Desourdy,Centre hospitalier universitaire de Sherbrooke,"NAV CANADA supplément de vol - Canada (CFS), numérisation à partir de photos aériennes géoréférencées","20071201","20230322",x,"173"
189.000000000000000,Sorel,CSY3,Aérodrome,Autre aéroport,Aérodrome,2.000000000000000,1.000000000000000,"03, 21","4000",Asphalte,OUI,NON,45.980278083499996,-73.042778719799998,Municipal,non restreint,QC,Aéroport de Sorel,Gestion Aéroportuaire de Sorel,"NAV CANADA supplément de vol - Canada (CFS), numérisation à partir de photos aériennes géoréférencées","20071201","20230322",x,"174"
190.000000000000000,St-Augustin (héli.),CTH9,Héliport,Héliport,Héliport,3.000000000000000,0.000000000000000,"0","0",Pavé uni,NON,NON,51.223644439099999,-58.642321018499999,Provincial,non restreint,QC,Héliport Saint-Augustin,Ministère des Transports du Québec,"NAV CANADA supplément de vol - Canada (CFS), numérisation à partir de photos aériennes géoréférencées","20071201","20230322",x,"175"
191.000000000000000,St-Alphonse (Lac Cloutier),CTC2,Hydroaérodrome,Non,Hydroaérodrome,4.000000000000000,0.000000000000000,"0","0",n/a,NON,NON,46.176742373099998,-73.652597065099997,Autre,restreint,QC,Hydroaérodrome Saint-Alphonse/Lac Cloutier,Fernand Rivest,NAV CANADA supplément hydroaérodromes - Canada (CWAS ) photos aériennes géoréférencées.,"20071201","20230322",x,"176"
192.000000000000000,St-Étienne-des-Grès (Riv. St-Maurice),CHA2,Hydroaérodrome,Non,Hydroaérodrome,4.000000000000000,0.000000000000000,"0","0",n/a,OUI,NON,46.477756376300000,-72.775710760500004,Autre,restreint,QC,Hydroaérodrome St-Étienne-des-Grès (Riv. St-Maurice),Hydravion Aventure,NAV CANADA supplément hydroaérodromes - Canada (CWAS ) photos aériennes géoréférencées.,"20160331","20230322",x,"177"
193.000000000000000,St-Jérôme/Hydro-Québec (héli.),CSZ6,Héliport,Non,Héliport,3.000000000000000,0.000000000000000,"0","0",Asphalte,NON,NON,45.770796137100000,-74.026811697900001,Provincial,restreint,QC,Héliport Saint-Jérôme (Hydro-Québec),Hydro-Québec,"NAV CANADA supplément de vol - Canada (CFS), numérisation à partir de photos aériennes géoréférencées","20071201","20230322",x,"178"
194.000000000000000,St-Mathias (Riv. Richelieu),CSV9,Hydroaérodrome,Hydroaérodrome,Hydroaérodrome,4.000000000000000,0.000000000000000,"0","0",n/a,OUI,NON,45.504386563200001,-73.251963501399999,Autre,non restreint,QC,Hydroaérodrome Saint-Mathias,Aviation B.L. Inc.,NAV CANADA supplément hydroaérodromes - Canada (CWAS ) photos aériennes géoréférencées.,"20071201","20230322",x,"179"
196.000000000000000,Stanstead/Weller,CTQ2,Aérodrome,Non,Aérodrome,2.000000000000000,1.000000000000000,"01, 19","2600",Gazon,NON,NON,45.034444104700000,-72.035000717800003,Autre,restreint,QC,Aéroport Stanstead/Weller,G. Weller,"NAV CANADA supplément de vol - Canada (CFS), numérisation à partir de photos aériennes géoréférencées","20071201","20230322",x,"180"
197.000000000000000,Ste-Agathe/AIM (héli.),CSV2,Héliport,Non,Héliport,3.000000000000000,0.000000000000000,"0","0",Gazon,NON,NON,46.110976131000001,-74.293839584899999,Autre,restreint,QC,Héliport Sainte-Agathe (AIM),La Compagnie Américaine de Fer et Métaux Inc.,"NAV CANADA supplément de vol - Canada (CFS), numérisation à partir de photos aériennes géoréférencées","20071201","20230322",x,"181"
198.000000000000000,Ste-Anne-du-Lac (Lac Tapani),CSP9,Hydroaérodrome,Non,Hydroaérodrome,4.000000000000000,0.000000000000000,"0","0",n/a,OUI,NON,46.882790860999997,-75.324225507799994,Autre,restreint,QC,Hydroaérodrome Sainte-Anne-du-Lac,Air Tamarac inc,NAV CANADA supplément hydroaérodromes - Canada (CWAS ) photos aériennes géoréférencées.,"20071201","20230322",x,"182"
199.000000000000000,Ste-Véronique,CSW9,Hydroaérodrome,Non,Hydroaérodrome,4.000000000000000,0.000000000000000,"0","0",n/a,OUI,NON,46.515809151399999,-74.987973400000001,Autre,restreint,QC,Hydroaérodrome de Sainte-Véronique,Air Mont-Laurier (1985) Inc.,NAV CANADA supplément hydroaérodromes - Canada (CWAS ) photos aériennes géoréférencées.,"20071201","20230322",x,"183"
200.000000000000000,Tasiujaq,CYTQ,Aéroport,Autre aéroport,Aérodrome,2.000000000000000,1.000000000000000,"05, 23","3519",Gravier,NON,NON,58.671070118000003,-69.949144595899995,Provincial,non restreint,QC,Aéroport de Tasiujaq,Administration Régionale Kativik,"NAV CANADA supplément de vol - Canada (CFS), numérisation à partir de photos aériennes géoréférencées","20071201","20230322",x,"184"
201.000000000000000,Tête-à-la-Baleine,CTB6,Aéroport,Autre aéroport,Aérodrome,2.000000000000000,1.000000000000000,"18, 36","1639",Gravier,NON,NON,50.674456312799997,-59.383389614700000,Provincial,non restreint,QC,Aéroport de Tête-à-la-Baleine,Ministère des Transports du Québec,"NAV CANADA supplément de vol - Canada (CFS), numérisation à partir de photos aériennes géoréférencées","20071201","20230322",x,"185"
202.000000000000000,Thetford Mines,CSM3,Aérodrome,Autre aéroport,Aérodrome,2.000000000000000,1.000000000000000,"06, 24","4500",Asphalte,OUI,NON,46.051776827300003,-71.257406252999999,Municipal,non restreint,QC,Aéroport de Thetford Mines,Grondair Aviation,"NAV CANADA supplément de vol - Canada (CFS), numérisation à partir de photos aériennes géoréférencées","20071201","20230322",x,"186"
203.000000000000000,Trois-Rivières,CYRQ,Aéroport,Autre aéroport,Aérodrome,2.000000000000000,1.000000000000000,"05, 23","9006",Asphalte,OUI,OUI,46.354396365800000,-72.678318528299997,Municipal,non restreint,QC,Aéroport de Trois-Rivières,Aéroport,"NAV CANADA supplément de vol - Canada (CFS), numérisation à partir de photos aériennes géoréférencées","20071201","20230322",x,"187"
204.000000000000000,Umiujaq,CYMU,Aérodrome,Autre aéroport,Aérodrome,2.000000000000000,1.000000000000000,"02, 20","3521",Gravier,NON,NON,56.539003371800000,-76.517741189500001,Provincial,non restreint,QC,Aéroport d'Umiujaq,Administration Régionale Kativik,"NAV CANADA supplément de vol - Canada (CFS), numérisation à partir de photos aériennes géoréférencées","20071201","20230322",x,"188"
205.000000000000000,Valcartier (W/C J.H.L. (Joe) Lecomte),CYOY,Héliport,Non,Héliport,3.000000000000000,0.000000000000000,"0","0",Inconnu,OUI,NON,46.902911810200003,-71.503653717999995,Fédéral,restreint,QC,Héliport Valcartier (W/C J.H.L. (Joe) Lecomte),Ministère de la Défense Nationale,"NAV CANADA supplément de vol - Canada (CFS), numérisation à partir de photos aériennes géoréférencées","20071201","20230322",x,"189"
206.000000000000000,Val d'Or (Huard - Riv. Thompson),CVB6,Hydroaérodrome,Non,Hydroaérodrome,4.000000000000000,0.000000000000000,"0","0",n/a,NON,NON,48.072932472100000,-77.873673018999995,Autre,restreint,QC,Hydroaérodrome Val d'Or/Huard - Riv. Thompson,Rock Huard,NAV CANADA supplément hydroaérodromes - Canada (CWAS ) photos aériennes géoréférencées.,"20160331","20230322",x,"190"
207.000000000000000,Val d'Or/Rivière Piché,CTA5,Hydroaérodrome,Non,Hydroaérodrome,4.000000000000000,0.000000000000000,"0","0",n/a,OUI,NON,48.085031790800002,-77.888736828899994,Autre,restreint,QC,Hydroaérodrome Val-d'Or - Rivière Piché,Marc Lafleur & Marie-Claude Bruneau,NAV CANADA supplément hydroaérodromes - Canada (CWAS ) photos aériennes géoréférencées.,"20071201","20230322",x,"191"
208.000000000000000,Val-d'Or,CYVO,Aéroport,Aéroport majeur,Aéroport majeur,1.000000000000000,1.000000000000000,"18, 36","10000",Asphalte,OUI,NON,48.053888700100003,-77.782778687299995,Autre,non restreint,QC,Aéroport de Val-d'Or,Aéroport régional de Val-d'Or,"NAV CANADA supplément de vol - Canada (CFS), numérisation à partir de photos aériennes géoréférencées","20071201","20230322",x,"192"
209.000000000000000,Valcourt,CSQ3,Aérodrome,Non,Aérodrome,2.000000000000000,1.000000000000000,"05, 23","3750",Asphalte/Gravier,OUI,NON,45.481941018299999,-72.309297554500006,Autre,restreint,QC,Aéroport de Valcourt,Aero-Club de Valcourt Inc.,"NAV CANADA supplément de vol - Canada (CFS), numérisation à partir de photos aériennes géoréférencées","20071201","20230322",x,"193"
211.000000000000000,Victoriaville (André Fortin),CSR3,Aérodrome,Autre aéroport,Aérodrome,2.000000000000000,1.000000000000000,"06, 24","5530",Asphalte,OUI,NON,46.112612544000001,-71.929304624599993,Municipal,non restreint,QC,Aéroport régional André-Fortin de Victoriaville,Corporation Initiative Industrielle,"NAV CANADA supplément de vol - Canada (CFS), numérisation à partir de photos aériennes géoréférencées","20071201","20230322",x,"194"
212.000000000000000,Waskaganish,CYKQ,Aéroport,Autre aéroport,Aérodrome,2.000000000000000,1.000000000000000,"06, 24","3511",Gravier,NON,NON,51.473610868300000,-78.758332897000003,Fédéral,non restreint,QC,Aéroport de Waskaganish,Transport Canada,"NAV CANADA supplément de vol - Canada (CFS), numérisation à partir de photos aériennes géoréférencées","20071201","20230322",x,"195"
213.000000000000000,Wemindji,CYNC,Aéroport,Autre aéroport,Aérodrome,2.000000000000000,1.000000000000000,"10, 28","3511",Gravier,NON,NON,53.010833265000002,-78.830555288699998,Fédéral,non restreint,QC,Aéroport de Wemindji,"Transport Canada, Nation Crie de Wemindji","NAV CANADA supplément de vol - Canada (CFS), numérisation à partir de photos aériennes géoréférencées","20071201","20230322",x,"196"
214.000000000000000,Weymontachie,CSU5,Aérodrome,Autre aéroport,Aérodrome,2.000000000000000,1.000000000000000,"18, 36","2500",Gravier,NON,NON,47.936938305799998,-73.817899812899995,Autre,non restreint,QC,Aéroport de Weymontachie,Conseil de Bande de Weymontachie,"NAV CANADA supplément de vol - Canada (CFS), numérisation à partir de photos aériennes géoréférencées","20071201","20230322",x,"197"
220.000000000000000,Montréal/Mirabel  Hélico (héli.),CMH4,Héliport,Non,n/d,3.000000000000000,0.000000000000000,"0","0",Asphalte,OUI,NON,45.695881040099998,-73.951971448999998,Autre,restreint,QC,Héliport Montréal/Mirabel  Hélico,Mirabel Hélico,"NAV CANADA supplément de vol - Canada (CFS), numérisation à partir de photos aériennes géoréférencées","20160204","20230322",x,"198"
222.000000000000000,Québec/Capitale Hélicoptère,CCH7,Héliport,Non,n/d,3.000000000000000,0.000000000000000,"0","0",Asphalte,OUI,NON,46.800759765899997,-71.374087975500004,Autre,restreint,QC,Héliport Québec/Capitale Hélicoptère,Centre d'affaire Capitale Hélipro inc,"NAV CANADA supplément de vol - Canada (CFS), numérisation à partir de photos aériennes géoréférencées","20160204","20230322",x,"199"
223.000000000000000,Québec/Neuville,CNV9,Aérodrome,Non,Aérodrome,2.000000000000000,1.000000000000000,"06, 24","3000",Asphalte/Gravier,OUI,NON,46.723146425300001,-71.582676036600006,Autre,restreint,QC,Aéroport de Neuville,Neuville Aero,"NAV CANADA supplément de vol - Canada (CFS), numérisation à partir de photos aériennes géoréférencées","20160204","20230322",x,"200"
224.000000000000000,Ste-Anne-du-Lac (aviation PLMG inc.),CAL8,Aérodrome,Non,Aérodrome,2.000000000000000,1.000000000000000,"06, 24","2200",Gazon,NON,NON,46.885060286500000,-75.331810093800001,Autre,restreint,QC,Aérodrome Ste-Anne-du-Lac,Aviation PLMG Inc.,"NAV CANADA supplément de vol - Canada (CFS), numérisation à partir de photos aériennes géoréférencées","20160204","20230322",x,"201"
225.000000000000000,Lac Lamothe,CLL3,Hydroaérodrome,Non,n/d,4.000000000000000,0.000000000000000,"0","0",n/a,NON,NON,48.730520004900001,-71.162098796799995,Provincial,restreint,QC,Hydroaérodrome Lac La Mothe,Centre Québecois de formation aéronautique (Cegep de Chicoutimi),NAV CANADA supplément hydroaérodromes - Canada (CWAS ) photos aériennes géoréférencées.,"20160331","20230322",x,"202"
226.000000000000000,Mont-Tremblant (Lac Maskinongé),CMT2,Hydroaérodrome,Non,n/d,4.000000000000000,0.000000000000000,"0","0",n/a,NON,NON,46.087255058799997,-74.608154114499996,Autre,restreint,QC,Hydroaéroport Mont-Tremblant (Lac Maskinongé),Association Aviateurs Région Mont-Tremblant,NAV CANADA supplément hydroaérodromes - Canada (CWAS ) photos aériennes géoréférencées.,"20160331","20230322",x,"203"
227.000000000000000,St-Michel-des-Saints (Marina le Nautique),CMS3,Hydroaérodrome,Non,n/d,4.000000000000000,0.000000000000000,"0","0",n/a,OUI,NON,46.689450149300001,-73.898173496100000,Autre,non restreint,QC,Hydroaéroport St-Michel-des-Saints,Marina Le Nautique,NAV CANADA supplément hydroaérodromes - Canada (CWAS ) photos aériennes géoréférencées.,"20160331","20230322",x,"204"
228.000000000000000,Saguenay (Harvey),CSA8,Hydroaérodrome,Non,n/d,4.000000000000000,0.000000000000000,"0","0",n/a,NON,NON,48.440026437500002,-71.129353822699997,Autre,restreint,QC,Hydroaéroport Saguenay (Harvey),10289221 Canada inc,NAV CANADA supplément hydroaérodromes - Canada (CWAS ) photos aériennes géoréférencées.,"20160331","20230322",x,"205"
229.000000000000000,Saguenay/Saint-Charles-de-Bourget,CSA5,Hydroaérodrome,Non,n/d,4.000000000000000,0.000000000000000,"0","0",n/a,NON,NON,48.509045015700003,-71.463724506600002,Autre,restreint,QC,Hydroaéroport Saguenay/Saint-Charles-de-Bourget,Michel Guay,NAV CANADA supplément hydroaérodromes - Canada (CWAS ) photos aériennes géoréférencées.,"20160331","20230322",x,"206"
230.000000000000000,Témiscouata-sur-le-Lac,CTM8,Hydroaérodrome,Non,n/d,4.000000000000000,0.000000000000000,"0","0",n/a,OUI,NON,47.685452914199999,-68.874220073100005,Autre,restreint,QC,Hydroaéroport Témiscouata-sur-le-Lac,Joselito Fournier,NAV CANADA supplément hydroaérodromes - Canada (CWAS ) photos aériennes géoréférencées.,"20160331","20230322",x,"207"
231.000000000000000,Val-d'Or (St-Pierre),CSP7,Hydroaérodrome,Non,n/d,4.000000000000000,0.000000000000000,"0","0",n/a,NON,NON,48.077764642200002,-77.869895544000002,Autre,restreint,QC,Hydroaérodrome Val-d'Or (St-Pierre),Jean-Guy St_Pierre,NAV CANADA supplément hydroaérodromes - Canada (CWAS ) photos aériennes géoréférencées.,"20160331","20230322",x,"208"
232.000000000000000,Carignan (Bouthillier),CRG3,Aérodrome,Non,Aérodrome,2.000000000000000,1.000000000000000,"15, 33","3000",Gazon,NON,NON,45.477160241900002,-73.300845927899999,Autre,restreint,QC,Aérodrome Carignan,Serge Bouthillier,"NAV CANADA supplément de vol - Canada (CFS), numérisation à partir de photos aériennes géoréférencées","20160204","20230322",x,"209"
233.000000000000000,Pintendre,CPT9,Aérodrome,Non,Aérodrome,2.000000000000000,1.000000000000000,"15, 33","2100",Gravier,OUI,NON,46.757810197500000,-71.109374267800007,Autre,restreint,QC,Aérodrome Pintendre,Jacques Bernier,"NAV CANADA supplément de vol - Canada (CFS), numérisation à partir de photos aériennes géoréférencées","20160204","20230322",x,"210"
235.000000000000000,Kégaska (héli),n/d,Héliport,Héliport,Héliport,3.000000000000000,0.000000000000000,"0","0",Plate-forme de bois,n/d,NON,50.188373033200001,-61.277971533200002,Provincial,non restreint,QC,Héliport Kégaska,Ministère des Transports du Québec,http://intranet.mtqprm.qc/GestInfr/Aeriennes/AeroHeliMini/Pages/Heliports.aspx,"20040217","20230322",x,"211"
236.000000000000000,La Tabatière (héli.),n/d,Héliport,Héliport,Héliport,3.000000000000000,0.000000000000000,"0","0",Plate-forme pavé uni,n/d,NON,50.822681764700000,-58.966728865999997,Provincial,non restreint,QC,Héliport La Tabatière,Ministère des Transports du Québec,http://intranet.mtqprm.qc/GestInfr/Aeriennes/AeroHeliMini/Pages/Heliports.aspx,"20040217","20230322",x,"212"
237.000000000000000,Notre-Dame-des-Sept-Douleurs (héli.),n/d,Héliport,Héliport,Héliport,3.000000000000000,0.000000000000000,"0","0",Gazon,n/d,NON,48.021176056500003,-69.436513004500000,Provincial,non restreint,QC,Héliport Notre-Dame-des-Sept-Douleurs,Ministère des Transports du Québec,http://intranet.mtqprm.qc/GestInfr/Aeriennes/AeroHeliMini/Pages/Heliports.aspx,"20040217","20230322",x,"213"
238.000000000000000,Tête-à-la-Baleine (héli.),n/d,Héliport,Héliport,Héliport,3.000000000000000,0.000000000000000,"0","0",Plate-forme de bois,n/d,NON,50.700212844900001,-59.323611678399999,Provincial,non restreint,QC,Héliport Tête-à-la-Baleine,Ministère des Transports du Québec,http://intranet.mtqprm.qc/GestInfr/Aeriennes/AeroHeliMini/Pages/Heliports.aspx,"20040217","20230322",x,"214"
239.000000000000000,Cacouna (héli.),n/d,Héliport,Héliport,Héliport,3.000000000000000,0.000000000000000,"0","0",Asphalte,n/d,NON,47.996955106000001,-69.431198232300005,Provincial,non restreint,QC,Héliport Cacouna,Ministère des Transports du Québec,http://intranet.mtqprm.qc/GestInfr/Aeriennes/AeroHeliMini/Pages/Heliports.aspx,"20080420","20230322",x,"215"
240.000000000000000,St-Anselme,CTQ6,Aérodrome,Non,Aérodrome,2.000000000000000,1.000000000000000,"08, 26","1700",Gazon,NON,NON,46.619152526699999,-70.954689341500000,Autre,restreint,QC,Aérodrome Saint-Anselme,André Longchamps,"NAV CANADA supplément de vol - Canada (CFS), numérisation à partir de photos aériennes géoréférencées","20071201","20230322",x,"216"
241.000000000000000,Chibougamau (Héli),CSB4,Héliport,Non,Héliport,3.000000000000000,0.000000000000000,"0","0",Gravier,OUI,NON,49.905135236000000,-74.383695845000005,Autre,restreint,QC,Héliport Chibougamau,Gestion HSBV,"NAV CANADA supplément de vol - Canada (CFS), numérisation à partir de photos aériennes géoréférencées","20071201","20230322",x,"217"
242.000000000000000,Val-d'Or (St-Pierre) (héli.),COR2,Héliport,Non,n/d,3.000000000000000,0.000000000000000,"0","0",Asphalte,NON,NON,48.077647099499998,-77.869126814200001,Autre,restreint,QC,Héliport Val-d'Or (St-Pierre),Jean-Guy St-Pierre,"NAV CANADA supplément de vol - Canada (CFS), numérisation à partir de photos aériennes géoréférencées","20160331","20230322",x,"218"
243.000000000000000,Renard,CFX5,Aérodrome,Non,Aérodrome,2.000000000000000,1.000000000000000,"06, 24","4902",Gravier,NON,NON,52.732028695499999,-72.219699298899997,Autre,restreint,QC,Aérodrome Renard,Stornoway Diamonds,"NAV CANADA supplément de vol - Canada (CFS), numérisation à partir de photos aériennes géoréférencées","20160331","20230322",x,"219"
244.000000000000000,Montréal/Héliport Senneville (Héli),CHS5,Héliport,Non,n/d,3.000000000000000,0.000000000000000,"0","0",Gazon,NON,NON,45.442249380900002,-73.961626746600004,Autre,restreint,QC,Héliport Montréal/Héliport Senneville,Richard Touchette,"NAV CANADA supplément de vol - Canada (CFS), numérisation à partir de photos aériennes géoréférencées","20160331","20230322",x,"220"
245.000000000000000,Lac-des-Écorces/Héliport Belle-Île (Héli),CDE2,Héliport,Non,n/d,3.000000000000000,0.000000000000000,"0","0",Gazon,NON,NON,46.525062935400001,-75.385331761200007,Autre,restreint,QC,Héliport Lac-des-Écorces/Héliport Belle-Île,Aviation SB Inc.,"NAV CANADA supplément de vol - Canada (CFS), numérisation à partir de photos aériennes géoréférencées","20160915","20230322",x,"221"
246.000000000000000,Mont-Tremblant/Héliport P3 (Héli),CHP3,Héliport,Non,n/d,3.000000000000000,0.000000000000000,"0","0",Bois,NON,NON,46.195309335899999,-74.571191032800002,Autre,restreint,QC,Héliport Mont-Tremblant/Héliport P3,Héli-Tremblant,"NAV CANADA supplément de vol - Canada (CFS), numérisation à partir de photos aériennes géoréférencées","20160915","20230322",x,"222"
247.000000000000000,St-Rémi-d'Amherst/Kanata Tremblant Resort (Héli),CKT6,Héliport,Non,n/d,3.000000000000000,0.000000000000000,"0","0",Gravier,NON,NON,45.991642820000003,-74.749576547499998,Autre,restreint,QC,Héliport St-Rémi-d'Amherst/Kanata Tremblant Resort,Air Kanata,"NAV CANADA supplément de vol - Canada (CFS), numérisation à partir de photos aériennes géoréférencées","20160915","20230322",x,"223"
248.000000000000000,Montréal/Passport Hélico QC (Héli),CPP8,Héliport,Non,n/d,3.000000000000000,0.000000000000000,"0","0",Gravier,OUI,NON,45.722545980000000,-73.595418848999998,Autre,restreint,QC,Héloport Passport Hélico,Passport Hélico,"NAV CANADA supplément de vol - Canada (CFS), numérisation à partir de photos aériennes géoréférencées","20170302","20230322",x,"224"
249.000000000000000,Rawdon/Camping Pontbriand (Hydro),CCP5,Hydroaérodrome,Non,n/d,4.000000000000000,0.000000000000000,"0","0",n/a,OUI,NON,46.053641493500002,-73.755767494200001,Autre,restreint,QC,Hydroaérodrome Rawdon,Léon Raymond,"NAV CANADA supplément de vol - Canada (CFS), numérisation à partir de photos aériennes géoréférencées","20170302","20230322",x,"225"
250.000000000000000,St-Michel-des-Saints/Lac Kaiagamac QC,CLK4,Hydroaérodrome,Non,n/d,4.000000000000000,0.000000000000000,"0","0",n/a,NON,NON,46.651513850100002,-73.894869555100001,Autre,restreint,QC,Hydroaérodrome St-Michel-des-Saints,Rock Martel,NAV CANADA supplément hydroaérodromes - Canada (CWAS ) photos aériennes géoréférencées.,"20170302","20230322",x,"226"
251.000000000000000,Val-d'Or/Lac Stabell QC,CLS2,Hydroaérodrome,Non,n/d,4.000000000000000,0.000000000000000,"0","0",n/a,OUI,NON,48.118116613500000,-77.811421967800001,Autre,restreint,QC,Hydroaérodrome Val-d'Or,Denis Mainville,NAV CANADA supplément hydroaérodromes - Canada (CWAS ) photos aériennes géoréférencées.,"20170302","20230322",x,"227"
252.000000000000000,Joliette/Saint-Thomas,CJO2,Aérodrome,Non,Aérodrome,2.000000000000000,1.000000000000000,"02, 20","2862",Gazon,NON,NON,46.007420770800003,-73.382662711500004,Autre,restreint,QC,Aérodrome Saint-Thomas,Robert Côté,"NAV CANADA supplément de vol - Canada (CFS), numérisation à partir de photos aériennes géoréférencées","20170622","20230322",x,"228"
253.000000000000000,St-Apollinaire (AirPro),CAA4,Aérodrome,Non,Aérodrome,2.000000000000000,1.000000000000000,"14, 32","23600",Gazon,NON,NON,46.586947876300002,-71.561114141399997,Autre,restreint,QC,Aérodrome Saint-Apollinaire (AirPro),AirProGyro,"NAV CANADA supplément de vol - Canada (CFS), numérisation à partir de photos aériennes géoréférencées","20180801","20230322",x,"229"
254.000000000000000,St-Cuthbert (ULM Québec),CCU2,Aérodrome,Non,Aérodrome,2.000000000000000,1.000000000000000,"10, 28","1352",Gazon,OUI,NON,46.173887576900000,-73.278887529100004,Autre,restreint,QC,Aérodrome Saint-Cuthbert (AirPro),ULM Québec Inc,"NAV CANADA supplément de vol - Canada (CFS), numérisation à partir de photos aériennes géoréférencées","20180801","20230322",x,"230"
255.000000000000000,Blue Sea Lake (Outaouais Aviation),CBS6,Hydroaérodrome,Non,n/d,4.000000000000000,0.000000000000000,,"0",n/a,NON,NON,46.195913436900000,-76.057676019200002,Autre,restreint,QC,Hydroaérodrome Blue Sea Lake,Outaouais Aviation,NAV CANADA supplément hydroaérodromes - Canada (CWAS ) photos aériennes géoréférencées.,"20180801","20230322",x,"231"
256.000000000000000,Camp de base Casey,CSQ4,Aérodrome,Autre,Aérodrome,0.000000000000000,1.000000000000000,"04,22","5411",Asphalte/Neige,NON,NON,47.930590510099996,-74.096613601800001,Autre,restreint,QC,Aéroport de Casey  (Camp de base Casey),Stratos Aero,"NAV CANADA supplément de vol - Canada (CFS), numérisation à partir de photos aériennes géoréférencées","20220815","20230322",x,"232"
257.000000000000000,Magog / Lessard,CLS5,Héliport,Non,Héliport,3.000000000000000,0.000000000000000,"0","0",Pavé unis/Gazon,NON,NON,45.248114676999997,-72.198445116599999,Autre,restreint,QC,Héliport  Magog/Lessard,Louis Lessard,"NAV CANADA supplément de vol - Canada (CFS), numérisation à partir de photos aériennes géoréférencées","20220817","20230322",x,"233"
258.000000000000000,Réservoir Gouin / Pourvoirie Escapade,CGN2,Aérodrome,Non,Aérodrome,0.000000000000000,1.000000000000000,"18, 36","3000",Gravel,OUI,NON,48.430440801899998,-74.519385166700005,Autre,restreint,QC,Aéroport de la Pourvoirie Escapade,Air Tunilik,"NAV CANADA supplément de vol - Canada (CFS), numérisation à partir de photos aériennes géoréférencées","20220902","20230322",x,"234"
259.000000000000000,Réservoir Gouin / Pourvoirie Escapade,CGN5,Hydroaérodrome,Hydroaérodrome,Hydroaérodrome,0.000000000000000,0.000000000000000,,,n/a,OUI,NON,48.434443509499999,-74.519050230299996,Autre,restreint,QC,Hydroaérodrome de la Pourvoirie Escapade,Air Tunilik inc,"NAV CANADA supplément de vol - Canada (CFS), numérisation à partir de photos aériennes géoréférencées","20220902","20230322",x,"235"
260.000000000000000,Ste-Barbe,CBB8,Héliport,Non,Héliport,0.000000000000000,0.000000000000000,,,Asphalte,NON,NON,45.176818804000000,-74.219608490499994,Autre,restreint,Qc,Héliport Ste-Barbe,Sylvain Oligny,"NAV CANADA supplément de vol - Canada (CFS), numérisation à partir de photos aériennes géoréférencées","20220908","20230322",x,"236"
261.000000000000000,St-Mathieu-de-Laprairie,CML8,Aérodrome,Autre,Aérodrome,0.000000000000000,1.000000000000000,"13, 31","3000",GravierAsphalte,OUI,NON,45.310807118200003,-73.564031520000000,Autre,restreint,QC,Aéroport St-Mathieu-de-Laprairie,Aerolane,"NAV CANADA supplément de vol - Canada (CFS), numérisation à partir de photos aériennes géoréférencées","20220912","20230322",x,"237"
262.000000000000000,St-Michel (héli),CML9,Héliport,Non,Héliport,0.000000000000000,0.000000000000000,,,Asphalte,NON,NON,45.254932963900004,-73.550941737800002,Autre,restreint,QC,Héliport de St-Michel,Sylvain Oligny,"NAV CANADA supplément de vol - Canada (CFS), numérisation à partir de photos aériennes géoréférencées","20220912","20230322",x,"238"
263.000000000000000,Sept-Îles/Héli-Inter Sept-Îles (héli.),CHE3,Héliport,Non,Héliport,0.000000000000000,0.000000000000000,,,Asphalte,NON,NON,50.288665019699998,-66.412121700399993,Autre,restreint,QC,Héliport Sept-Îles (Héli-Inter),Héli-Inter inc.,"NAV CANADA supplément de vol - Canada (CFS), numérisation à partir de photos aériennes géoréférencées","20220912","20230322",x,"239"
264.000000000000000,Sept-Îles/Héli-Boréal (héli.),CYZV,Héliport,Non,Héliport,0.000000000000000,0.000000000000000,,,"Asphalte, gravier",NON,NON,50.290475055100003,-66.412224214800005,Autre,restreint,QC,Héliport Sept-Îles (Héli-Boréal),Héli-Boréal inc.,"NAV CANADA supplément de vol - Canada (CFS), numérisation à partir de photos aériennes géoréférencées","20220912","20230322",x,"240"
265.000000000000000,Shefford,CSC4,Héliport,Autre,Héliport,0.000000000000000,0.000000000000000,,,Gazon,NON,NON,45.336135209200002,-72.593827382100002,Autre,restreint,QC,Héliport de Shefford,Denis Charest,"NAV CANADA supplément de vol - Canada (CFS), numérisation à partir de photos aériennes géoréférencées","20220912","20230322",x,"241"